model,seed,hidden,vocab,train_str_len,eval_str_len,steps,batch_size,lr,params,train_acc_last,eval_loss,eval_acc,seconds_train,seconds_eval,run
dabsn_seq,0,48,64,64,64,1000,48,0.01,21738,0.9847005009651184,0.06459920778870583,0.984765625,15.346434831619263,0.01856827735900879,dabsn_thesis_20260630_012013_copy_length_ood
dabsn_seq,0,48,64,64,128,1000,48,0.01,21738,0.9847005009651184,0.03396414667367935,0.9922526001930236,15.346434831619263,0.02991962432861328,dabsn_thesis_20260630_012013_copy_length_ood
dabsn_seq,0,48,64,64,256,1000,48,0.01,21738,0.9847005009651184,0.01915169171988964,0.996044921875,15.346434831619263,0.03820991516113281,dabsn_thesis_20260630_012013_copy_length_ood
dabsn_seq,0,48,64,64,512,1000,48,0.01,21738,0.9847005009651184,0.015726059302687646,0.9973876953125,15.346434831619263,0.11858773231506348,dabsn_thesis_20260630_012013_copy_length_ood
dabsn_seq,0,48,64,64,1024,1000,48,0.01,21738,0.9847005009651184,0.026466838270425796,0.9973388671875,15.346434831619263,0.6126205921173096,dabsn_thesis_20260630_012013_copy_length_ood
dabsn_seq,0,48,64,64,2048,1000,48,0.01,21738,0.9847005009651184,0.08910819292068481,0.993719482421875,15.346434831619263,1.9643051624298096,dabsn_thesis_20260630_012013_copy_length_ood
dabsn_seq,0,48,64,64,3200,1000,48,0.01,21738,0.9847005009651184,0.2089473068714142,0.984917962551117,15.346434831619263,4.329386234283447,dabsn_thesis_20260630_012013_copy_length_ood
dabsn_seq,1,48,64,64,64,1000,48,0.01,21738,0.9850260615348816,0.05591975748538971,0.9857421875,14.683271408081055,0.018511295318603516,dabsn_thesis_20260630_012013_copy_length_ood
dabsn_seq,1,48,64,64,128,1000,48,0.01,21738,0.9850260615348816,0.029709818959236144,0.9923828125,14.683271408081055,0.029724597930908203,dabsn_thesis_20260630_012013_copy_length_ood
dabsn_seq,1,48,64,64,256,1000,48,0.01,21738,0.9850260615348816,0.01692797876894474,0.996044921875,14.683271408081055,0.03806495666503906,dabsn_thesis_20260630_012013_copy_length_ood
dabsn_seq,1,48,64,64,512,1000,48,0.01,21738,0.9850260615348816,0.01328503955155611,0.9974365234375,14.683271408081055,0.11858344078063965,dabsn_thesis_20260630_012013_copy_length_ood
dabsn_seq,1,48,64,64,1024,1000,48,0.01,21738,0.9850260615348816,0.021171826496720315,0.99713134765625,14.683271408081055,0.43726515769958496,dabsn_thesis_20260630_012013_copy_length_ood
dabsn_seq,1,48,64,64,2048,1000,48,0.01,21738,0.9850260615348816,0.07414626628160477,0.991949462890625,14.683271408081055,1.7983012199401855,dabsn_thesis_20260630_012013_copy_length_ood
dabsn_seq,1,48,64,64,3200,1000,48,0.01,21738,0.9850260615348816,0.18612826764583587,0.9772812485694885,14.683271408081055,4.325190782546997,dabsn_thesis_20260630_012013_copy_length_ood
dabsn_seq,2,48,64,64,64,1000,48,0.01,21738,0.9856770634651184,0.05417469292879105,0.984960925579071,14.633762836456299,0.018461227416992188,dabsn_thesis_20260630_012013_copy_length_ood
dabsn_seq,2,48,64,64,128,1000,48,0.01,21738,0.9856770634651184,0.02965128868818283,0.9921223878860473,14.633762836456299,0.029578685760498047,dabsn_thesis_20260630_012013_copy_length_ood
dabsn_seq,2,48,64,64,256,1000,48,0.01,21738,0.9856770634651184,0.02115383744239807,0.994970703125,14.633762836456299,0.03803253173828125,dabsn_thesis_20260630_012013_copy_length_ood
dabsn_seq,2,48,64,64,512,1000,48,0.01,21738,0.9856770634651184,0.026068593934178354,0.99482421875,14.633762836456299,0.11866950988769531,dabsn_thesis_20260630_012013_copy_length_ood
dabsn_seq,2,48,64,64,1024,1000,48,0.01,21738,0.9856770634651184,0.06240559667348862,0.990234375,14.633762836456299,0.4378659725189209,dabsn_thesis_20260630_012013_copy_length_ood
dabsn_seq,2,48,64,64,2048,1000,48,0.01,21738,0.9856770634651184,0.21705513596534728,0.965875244140625,14.633762836456299,1.797814130783081,dabsn_thesis_20260630_012013_copy_length_ood
dabsn_seq,2,48,64,64,3200,1000,48,0.01,21738,0.9856770634651184,0.4714167892932892,0.9203671813011169,14.633762836456299,4.329906225204468,dabsn_thesis_20260630_012013_copy_length_ood
dabsn_field,0,48,64,64,64,1000,48,0.01,21739,1.0,0.00012194561662681735,0.9999348998069764,14.693655729293823,0.01850104331970215,dabsn_thesis_20260630_012013_copy_length_ood
dabsn_field,0,48,64,64,128,1000,48,0.01,21739,1.0,0.0003385658940487701,0.99990234375,14.693655729293823,0.029920578002929688,dabsn_thesis_20260630_012013_copy_length_ood
dabsn_field,0,48,64,64,256,1000,48,0.01,21739,1.0,0.00014648706383013632,0.999951171875,14.693655729293823,0.038149356842041016,dabsn_thesis_20260630_012013_copy_length_ood
dabsn_field,0,48,64,64,512,1000,48,0.01,21739,1.0,0.00030057182884775103,0.99990234375,14.693655729293823,0.11887550354003906,dabsn_thesis_20260630_012013_copy_length_ood
dabsn_field,0,48,64,64,1024,1000,48,0.01,21739,1.0,0.0015050627174787224,0.9995849609375,14.693655729293823,0.43999457359313965,dabsn_thesis_20260630_012013_copy_length_ood
dabsn_field,0,48,64,64,2048,1000,48,0.01,21739,1.0,0.006089458428323269,0.998101806640625,14.693655729293823,1.8044226169586182,dabsn_thesis_20260630_012013_copy_length_ood
dabsn_field,0,48,64,64,3200,1000,48,0.01,21739,1.0,0.018684829398989678,0.9946171879768372,14.693655729293823,4.366024017333984,dabsn_thesis_20260630_012013_copy_length_ood
dabsn_field,1,48,64,64,64,1000,48,0.01,21739,1.0,8.142502892951597e-05,1.0,14.736239671707153,0.01855301856994629,dabsn_thesis_20260630_012013_copy_length_ood
dabsn_field,1,48,64,64,128,1000,48,0.01,21739,1.0,0.00022280485873125145,0.9999023318290711,14.736239671707153,0.029846668243408203,dabsn_thesis_20260630_012013_copy_length_ood
dabsn_field,1,48,64,64,256,1000,48,0.01,21739,1.0,0.00036491059690888503,0.99990234375,14.736239671707153,0.038301944732666016,dabsn_thesis_20260630_012013_copy_length_ood
dabsn_field,1,48,64,64,512,1000,48,0.01,21739,1.0,0.0005596632690867409,0.9998779296875,14.736239671707153,0.11881518363952637,dabsn_thesis_20260630_012013_copy_length_ood
dabsn_field,1,48,64,64,1024,1000,48,0.01,21739,1.0,0.0011702922522090376,0.9996826171875,14.736239671707153,0.43990445137023926,dabsn_thesis_20260630_012013_copy_length_ood
dabsn_field,1,48,64,64,2048,1000,48,0.01,21739,1.0,0.0059187720529735085,0.9982421875,14.736239671707153,1.8043432235717773,dabsn_thesis_20260630_012013_copy_length_ood
dabsn_field,1,48,64,64,3200,1000,48,0.01,21739,1.0,0.018110920488834382,0.9947890758514404,14.736239671707153,4.3372273445129395,dabsn_thesis_20260630_012013_copy_length_ood
dabsn_field,2,48,64,64,64,1000,48,0.01,21739,1.0,0.0006034186418560239,0.9999348998069764,15.096434831619263,0.018879175186157227,dabsn_thesis_20260630_012013_copy_length_ood
dabsn_field,2,48,64,64,128,1000,48,0.01,21739,1.0,0.0006846686927019618,0.9999348878860473,15.096434831619263,0.02972865104675293,dabsn_thesis_20260630_012013_copy_length_ood
dabsn_field,2,48,64,64,256,1000,48,0.01,21739,1.0,0.0004192793290712871,0.999853515625,15.096434831619263,0.0381464958190918,dabsn_thesis_20260630_012013_copy_length_ood
dabsn_field,2,48,64,64,512,1000,48,0.01,21739,1.0,0.001085351177607663,0.999755859375,15.096434831619263,0.11896777153015137,dabsn_thesis_20260630_012013_copy_length_ood
dabsn_field,2,48,64,64,1024,1000,48,0.01,21739,1.0,0.003910174220800399,0.99892578125,15.096434831619263,0.4399445056915283,dabsn_thesis_20260630_012013_copy_length_ood
dabsn_field,2,48,64,64,2048,1000,48,0.01,21739,1.0,0.016403590515255927,0.995538330078125,15.096434831619263,1.8048152923583984,dabsn_thesis_20260630_012013_copy_length_ood
dabsn_field,2,48,64,64,3200,1000,48,0.01,21739,1.0,0.0463289625942707,0.9874804735183715,15.096434831619263,4.347298622131348,dabsn_thesis_20260630_012013_copy_length_ood
dabsn_hybrid,0,48,64,64,64,1000,48,0.01,21739,0.9996744990348816,0.0001337495537882205,1.0,21.051087141036987,0.02222418785095215,dabsn_thesis_20260630_012013_copy_length_ood
dabsn_hybrid,0,48,64,64,128,1000,48,0.01,21739,0.9996744990348816,0.00040643354805069976,0.9998697876930237,21.051087141036987,0.047659873962402344,dabsn_thesis_20260630_012013_copy_length_ood
dabsn_hybrid,0,48,64,64,256,1000,48,0.01,21739,0.9996744990348816,0.0015688001236412673,0.99990234375,21.051087141036987,0.061981916427612305,dabsn_thesis_20260630_012013_copy_length_ood
dabsn_hybrid,0,48,64,64,512,1000,48,0.01,21739,0.9996744990348816,0.0011348147440003232,0.9996337890625,21.051087141036987,0.2137012481689453,dabsn_thesis_20260630_012013_copy_length_ood
dabsn_hybrid,0,48,64,64,1024,1000,48,0.01,21739,0.9996744990348816,0.003736388450488448,0.99892578125,21.051087141036987,0.8288173675537109,dabsn_thesis_20260630_012013_copy_length_ood
dabsn_hybrid,0,48,64,64,2048,1000,48,0.01,21739,0.9996744990348816,0.015964601188898087,0.9953125,21.051087141036987,3.49072265625,dabsn_thesis_20260630_012013_copy_length_ood
dabsn_hybrid,0,48,64,64,3200,1000,48,0.01,21739,0.9996744990348816,0.04155963286757469,0.9880742192268371,21.051087141036987,8.471445560455322,dabsn_thesis_20260630_012013_copy_length_ood
dabsn_hybrid,1,48,64,64,64,1000,48,0.01,21739,1.0,0.00033241880155401307,0.9999348998069764,21.10472583770752,0.021803617477416992,dabsn_thesis_20260630_012013_copy_length_ood
dabsn_hybrid,1,48,64,64,128,1000,48,0.01,21739,1.0,0.0001147892069639056,1.0,21.10472583770752,0.04778623580932617,dabsn_thesis_20260630_012013_copy_length_ood
dabsn_hybrid,1,48,64,64,256,1000,48,0.01,21739,1.0,0.000825559209624771,0.99990234375,21.10472583770752,0.06209373474121094,dabsn_thesis_20260630_012013_copy_length_ood
dabsn_hybrid,1,48,64,64,512,1000,48,0.01,21739,1.0,0.0021814962849020956,0.9992919921875,21.10472583770752,0.2135467529296875,dabsn_thesis_20260630_012013_copy_length_ood
dabsn_hybrid,1,48,64,64,1024,1000,48,0.01,21739,1.0,0.005626209545880556,0.99814453125,21.10472583770752,0.8286862373352051,dabsn_thesis_20260630_012013_copy_length_ood
dabsn_hybrid,1,48,64,64,2048,1000,48,0.01,21739,1.0,0.03551965206861496,0.9896240234375,21.10472583770752,3.4905436038970947,dabsn_thesis_20260630_012013_copy_length_ood
dabsn_hybrid,1,48,64,64,3200,1000,48,0.01,21739,1.0,0.09765764921903611,0.9724687576293946,21.10472583770752,8.470219612121582,dabsn_thesis_20260630_012013_copy_length_ood
dabsn_hybrid,2,48,64,64,64,1000,48,0.01,21739,1.0,0.0001611008334748476,0.9999348998069764,20.923266172409058,0.022130966186523438,dabsn_thesis_20260630_012013_copy_length_ood
dabsn_hybrid,2,48,64,64,128,1000,48,0.01,21739,1.0,0.000601733984422026,0.99990234375,20.923266172409058,0.04748201370239258,dabsn_thesis_20260630_012013_copy_length_ood
dabsn_hybrid,2,48,64,64,256,1000,48,0.01,21739,1.0,0.0006269209654419683,0.999755859375,20.923266172409058,0.06192159652709961,dabsn_thesis_20260630_012013_copy_length_ood
dabsn_hybrid,2,48,64,64,512,1000,48,0.01,21739,1.0,0.0014304045122116803,0.9994384765625,20.923266172409058,0.21429228782653809,dabsn_thesis_20260630_012013_copy_length_ood
dabsn_hybrid,2,48,64,64,1024,1000,48,0.01,21739,1.0,0.004287503473460674,0.99873046875,20.923266172409058,0.8290009498596191,dabsn_thesis_20260630_012013_copy_length_ood
dabsn_hybrid,2,48,64,64,2048,1000,48,0.01,21739,1.0,0.02244112193584442,0.993548583984375,20.923266172409058,3.489692211151123,dabsn_thesis_20260630_012013_copy_length_ood
dabsn_hybrid,2,48,64,64,3200,1000,48,0.01,21739,1.0,0.062274054437875745,0.9822851538658142,20.923266172409058,8.455477237701416,dabsn_thesis_20260630_012013_copy_length_ood
gru,0,48,64,64,64,1000,48,0.001,19696,0.013346354477107525,4.1593578338623045,0.01425781287252903,2.5934078693389893,0.004349946975708008,dabsn_thesis_20260630_012013_copy_length_ood
gru,0,48,64,64,128,1000,48,0.001,19696,0.013346354477107525,4.159037494659424,0.01533203125,2.5934078693389893,0.0045795440673828125,dabsn_thesis_20260630_012013_copy_length_ood
gru,0,48,64,64,256,1000,48,0.001,19696,0.013346354477107525,4.159105968475342,0.017041015625,2.5934078693389893,0.00490880012512207,dabsn_thesis_20260630_012013_copy_length_ood
gru,0,48,64,64,512,1000,48,0.001,19696,0.013346354477107525,4.159227466583252,0.0155029296875,2.5934078693389893,0.006882905960083008,dabsn_thesis_20260630_012013_copy_length_ood
gru,0,48,64,64,1024,1000,48,0.001,19696,0.013346354477107525,4.159298706054687,0.015771484375,2.5934078693389893,0.010851144790649414,dabsn_thesis_20260630_012013_copy_length_ood
gru,0,48,64,64,2048,1000,48,0.001,19696,0.013346354477107525,4.159273910522461,0.015576171875,2.5934078693389893,0.020340919494628906,dabsn_thesis_20260630_012013_copy_length_ood
gru,0,48,64,64,3200,1000,48,0.001,19696,0.013346354477107525,4.1591691970825195,0.015824218466877937,2.5934078693389893,0.029385805130004883,dabsn_thesis_20260630_012013_copy_length_ood
gru,1,48,64,64,64,1000,48,0.001,19696,0.01627604104578495,4.158850574493409,0.017057291604578494,2.5968830585479736,0.004643440246582031,dabsn_thesis_20260630_012013_copy_length_ood
gru,1,48,64,64,128,1000,48,0.001,19696,0.01627604104578495,4.15883207321167,0.01731770858168602,2.5968830585479736,0.004231691360473633,dabsn_thesis_20260630_012013_copy_length_ood
gru,1,48,64,64,256,1000,48,0.001,19696,0.01627604104578495,4.1590879440307615,0.01484375,2.5968830585479736,0.004724025726318359,dabsn_thesis_20260630_012013_copy_length_ood
gru,1,48,64,64,512,1000,48,0.001,19696,0.01627604104578495,4.159096431732178,0.0150390625,2.5968830585479736,0.006780147552490234,dabsn_thesis_20260630_012013_copy_length_ood
gru,1,48,64,64,1024,1000,48,0.001,19696,0.01627604104578495,4.158967399597168,0.01572265625,2.5968830585479736,0.010772705078125,dabsn_thesis_20260630_012013_copy_length_ood
gru,1,48,64,64,2048,1000,48,0.001,19696,0.01627604104578495,4.159084129333496,0.015594482421875,2.5968830585479736,0.020203590393066406,dabsn_thesis_20260630_012013_copy_length_ood
gru,1,48,64,64,3200,1000,48,0.001,19696,0.01627604104578495,4.159121894836426,0.015675781294703484,2.5968830585479736,0.029933929443359375,dabsn_thesis_20260630_012013_copy_length_ood
gru,2,48,64,64,64,1000,48,0.001,19696,0.0146484375,4.159164142608643,0.01438802070915699,2.5880353450775146,0.004599571228027344,dabsn_thesis_20260630_012013_copy_length_ood
gru,2,48,64,64,128,1000,48,0.001,19696,0.0146484375,4.159124565124512,0.01611328125,2.5880353450775146,0.004252910614013672,dabsn_thesis_20260630_012013_copy_length_ood
gru,2,48,64,64,256,1000,48,0.001,19696,0.0146484375,4.159025382995606,0.01630859375,2.5880353450775146,0.004760265350341797,dabsn_thesis_20260630_012013_copy_length_ood
gru,2,48,64,64,512,1000,48,0.001,19696,0.0146484375,4.159166049957276,0.0149169921875,2.5880353450775146,0.0068814754486083984,dabsn_thesis_20260630_012013_copy_length_ood
gru,2,48,64,64,1024,1000,48,0.001,19696,0.0146484375,4.1590883255004885,0.01585693359375,2.5880353450775146,0.010709047317504883,dabsn_thesis_20260630_012013_copy_length_ood
gru,2,48,64,64,2048,1000,48,0.001,19696,0.0146484375,4.159030151367188,0.01591796875,2.5880353450775146,0.01997518539428711,dabsn_thesis_20260630_012013_copy_length_ood
gru,2,48,64,64,3200,1000,48,0.001,19696,0.0146484375,4.1591315269470215,0.0154296875,2.5880353450775146,0.029706716537475586,dabsn_thesis_20260630_012013_copy_length_ood
lstm,0,48,64,64,64,1000,48,0.001,25216,0.014322916977107525,4.159248542785645,0.014778645895421504,2.65737247467041,0.004671335220336914,dabsn_thesis_20260630_012013_copy_length_ood
lstm,0,48,64,64,128,1000,48,0.001,25216,0.014322916977107525,4.158937168121338,0.015266926772892476,2.65737247467041,0.004374027252197266,dabsn_thesis_20260630_012013_copy_length_ood
lstm,0,48,64,64,256,1000,48,0.001,25216,0.014322916977107525,4.159006404876709,0.01572265625,2.65737247467041,0.005357027053833008,dabsn_thesis_20260630_012013_copy_length_ood
lstm,0,48,64,64,512,1000,48,0.001,25216,0.014322916977107525,4.1590375900268555,0.015625,2.65737247467041,0.007791280746459961,dabsn_thesis_20260630_012013_copy_length_ood
lstm,0,48,64,64,1024,1000,48,0.001,25216,0.014322916977107525,4.159203243255615,0.015576171875,2.65737247467041,0.013147354125976562,dabsn_thesis_20260630_012013_copy_length_ood
lstm,0,48,64,64,2048,1000,48,0.001,25216,0.014322916977107525,4.15913143157959,0.015423583984375,2.65737247467041,0.024130821228027344,dabsn_thesis_20260630_012013_copy_length_ood
lstm,0,48,64,64,3200,1000,48,0.001,25216,0.014322916977107525,4.1590348243713375,0.01588281262665987,2.65737247467041,0.0361638069152832,dabsn_thesis_20260630_012013_copy_length_ood
lstm,1,48,64,64,64,1000,48,0.001,25216,0.013020833022892475,4.158823680877686,0.01783854179084301,2.6779985427856445,0.004735469818115234,dabsn_thesis_20260630_012013_copy_length_ood
lstm,1,48,64,64,128,1000,48,0.001,25216,0.013020833022892475,4.158871841430664,0.01598307304084301,2.6779985427856445,0.004343271255493164,dabsn_thesis_20260630_012013_copy_length_ood
lstm,1,48,64,64,256,1000,48,0.001,25216,0.013020833022892475,4.159073257446289,0.015966796875,2.6779985427856445,0.00540924072265625,dabsn_thesis_20260630_012013_copy_length_ood
lstm,1,48,64,64,512,1000,48,0.001,25216,0.013020833022892475,4.159061145782471,0.014697265625,2.6779985427856445,0.007884740829467773,dabsn_thesis_20260630_012013_copy_length_ood
lstm,1,48,64,64,1024,1000,48,0.001,25216,0.013020833022892475,4.1588616371154785,0.0158203125,2.6779985427856445,0.013103008270263672,dabsn_thesis_20260630_012013_copy_length_ood
lstm,1,48,64,64,2048,1000,48,0.001,25216,0.013020833022892475,4.159017848968506,0.0155029296875,2.6779985427856445,0.02411675453186035,dabsn_thesis_20260630_012013_copy_length_ood
lstm,1,48,64,64,3200,1000,48,0.001,25216,0.013020833022892475,4.1589940071105955,0.01546484399586916,2.6779985427856445,0.03607892990112305,dabsn_thesis_20260630_012013_copy_length_ood
lstm,2,48,64,64,64,1000,48,0.001,25216,0.01725260354578495,4.159060382843018,0.014778645895421504,2.721698522567749,0.004700660705566406,dabsn_thesis_20260630_012013_copy_length_ood
lstm,2,48,64,64,128,1000,48,0.001,25216,0.01725260354578495,4.159053325653076,0.01474609375,2.721698522567749,0.004294633865356445,dabsn_thesis_20260630_012013_copy_length_ood
lstm,2,48,64,64,256,1000,48,0.001,25216,0.01725260354578495,4.1588942527771,0.01689453125,2.721698522567749,0.005278825759887695,dabsn_thesis_20260630_012013_copy_length_ood
lstm,2,48,64,64,512,1000,48,0.001,25216,0.01725260354578495,4.159113025665283,0.015478515625,2.721698522567749,0.0077667236328125,dabsn_thesis_20260630_012013_copy_length_ood
lstm,2,48,64,64,1024,1000,48,0.001,25216,0.01725260354578495,4.159035110473633,0.01580810546875,2.721698522567749,0.013108968734741211,dabsn_thesis_20260630_012013_copy_length_ood
lstm,2,48,64,64,2048,1000,48,0.001,25216,0.01725260354578495,4.159029006958008,0.01590576171875,2.721698522567749,0.024122238159179688,dabsn_thesis_20260630_012013_copy_length_ood
lstm,2,48,64,64,3200,1000,48,0.001,25216,0.01725260354578495,4.159013843536377,0.01571484375745058,2.721698522567749,0.03611898422241211,dabsn_thesis_20260630_012013_copy_length_ood
transformer,0,48,64,64,64,1000,48,0.001,34576,1.0,9.837987163336947e-05,1.0,4.561871290206909,0.00742340087890625,dabsn_thesis_20260630_012013_copy_length_ood
transformer,0,48,64,64,128,1000,48,0.001,34576,1.0,24.995434951782226,0.015755208395421504,4.561871290206909,0.006653785705566406,dabsn_thesis_20260630_012013_copy_length_ood
transformer,0,48,64,64,256,1000,48,0.001,34576,1.0,24.602009201049803,0.017626953125,4.561871290206909,0.006484508514404297,dabsn_thesis_20260630_012013_copy_length_ood
transformer,0,48,64,64,512,1000,48,0.001,34576,1.0,23.187747955322266,0.0148193359375,4.561871290206909,0.009619474411010742,dabsn_thesis_20260630_012013_copy_length_ood
transformer,0,48,64,64,1024,1000,48,0.001,34576,1.0,21.903507232666016,0.01605224609375,4.561871290206909,0.0225527286529541,dabsn_thesis_20260630_012013_copy_length_ood
transformer,0,48,64,64,2048,1000,48,0.001,34576,1.0,16.783555221557616,0.015997314453125,4.561871290206909,0.07896089553833008,dabsn_thesis_20260630_012013_copy_length_ood
transformer,0,48,64,64,3200,1000,48,0.001,34576,1.0,15.566986274719238,0.015898437425494193,4.561871290206909,0.16996169090270996,dabsn_thesis_20260630_012013_copy_length_ood
transformer,1,48,64,64,64,1000,48,0.001,34576,1.0,0.00018665638053789736,1.0,4.554041862487793,0.006754636764526367,dabsn_thesis_20260630_012013_copy_length_ood
transformer,1,48,64,64,128,1000,48,0.001,34576,1.0,26.5058837890625,0.02106119804084301,4.554041862487793,0.0062580108642578125,dabsn_thesis_20260630_012013_copy_length_ood
transformer,1,48,64,64,256,1000,48,0.001,34576,1.0,28.587440490722656,0.01630859375,4.554041862487793,0.006261348724365234,dabsn_thesis_20260630_012013_copy_length_ood
transformer,1,48,64,64,512,1000,48,0.001,34576,1.0,23.651047134399413,0.0155029296875,4.554041862487793,0.009545564651489258,dabsn_thesis_20260630_012013_copy_length_ood
transformer,1,48,64,64,1024,1000,48,0.001,34576,1.0,20.015317153930663,0.01572265625,4.554041862487793,0.02244734764099121,dabsn_thesis_20260630_012013_copy_length_ood
transformer,1,48,64,64,2048,1000,48,0.001,34576,1.0,15.453028106689453,0.0154541015625,4.554041862487793,0.07937860488891602,dabsn_thesis_20260630_012013_copy_length_ood
transformer,1,48,64,64,3200,1000,48,0.001,34576,1.0,16.84793014526367,0.015800781175494195,4.554041862487793,0.1671910285949707,dabsn_thesis_20260630_012013_copy_length_ood
transformer,2,48,64,64,64,1000,48,0.001,34576,1.0,0.00011421159870224073,1.0,4.579709768295288,0.006690263748168945,dabsn_thesis_20260630_012013_copy_length_ood
transformer,2,48,64,64,128,1000,48,0.001,34576,1.0,21.438990783691406,0.02242838516831398,4.579709768295288,0.006266355514526367,dabsn_thesis_20260630_012013_copy_length_ood
transformer,2,48,64,64,256,1000,48,0.001,34576,1.0,19.790964889526368,0.0181640625,4.579709768295288,0.006308078765869141,dabsn_thesis_20260630_012013_copy_length_ood
transformer,2,48,64,64,512,1000,48,0.001,34576,1.0,15.473079109191895,0.0163818359375,4.579709768295288,0.009563922882080078,dabsn_thesis_20260630_012013_copy_length_ood
transformer,2,48,64,64,1024,1000,48,0.001,34576,1.0,12.734805297851562,0.0165771484375,4.579709768295288,0.022485017776489258,dabsn_thesis_20260630_012013_copy_length_ood
transformer,2,48,64,64,2048,1000,48,0.001,34576,1.0,12.061470222473144,0.016204833984375,4.579709768295288,0.07820343971252441,dabsn_thesis_20260630_012013_copy_length_ood
transformer,2,48,64,64,3200,1000,48,0.001,34576,1.0,12.159695816040038,0.015132812410593032,4.579709768295288,0.1643815040588379,dabsn_thesis_20260630_012013_copy_length_ood
transformer_rope,0,48,64,64,64,1000,48,0.001,34576,1.0,9.626800892874599e-05,1.0,5.1029274463653564,0.010594367980957031,dabsn_thesis_20260630_012013_copy_length_ood
transformer_rope,0,48,64,64,128,1000,48,0.001,34576,1.0,9.052296257019043,0.05091145783662796,5.1029274463653564,0.009138345718383789,dabsn_thesis_20260630_012013_copy_length_ood
transformer_rope,0,48,64,64,256,1000,48,0.001,34576,1.0,9.628428077697754,0.061865234375,5.1029274463653564,0.008342981338500977,dabsn_thesis_20260630_012013_copy_length_ood
transformer_rope,0,48,64,64,512,1000,48,0.001,34576,1.0,9.949569511413575,0.0458251953125,5.1029274463653564,0.01265263557434082,dabsn_thesis_20260630_012013_copy_length_ood
transformer_rope,0,48,64,64,1024,1000,48,0.001,34576,1.0,9.637997436523438,0.03349609375,5.1029274463653564,0.030751705169677734,dabsn_thesis_20260630_012013_copy_length_ood
transformer_rope,0,48,64,64,2048,1000,48,0.001,34576,1.0,9.16033115386963,0.025946044921875,5.1029274463653564,0.10856080055236816,dabsn_thesis_20260630_012013_copy_length_ood
transformer_rope,0,48,64,64,3200,1000,48,0.001,34576,1.0,9.047126007080077,0.023187499865889548,5.1029274463653564,0.2392427921295166,dabsn_thesis_20260630_012013_copy_length_ood
transformer_rope,1,48,64,64,64,1000,48,0.001,34576,1.0,8.639673033030703e-05,1.0,5.140819072723389,0.009100675582885742,dabsn_thesis_20260630_012013_copy_length_ood
transformer_rope,1,48,64,64,128,1000,48,0.001,34576,1.0,10.603443908691407,0.06194661483168602,5.140819072723389,0.008199453353881836,dabsn_thesis_20260630_012013_copy_length_ood
transformer_rope,1,48,64,64,256,1000,48,0.001,34576,1.0,10.637759590148926,0.0689453125,5.140819072723389,0.008172035217285156,dabsn_thesis_20260630_012013_copy_length_ood
transformer_rope,1,48,64,64,512,1000,48,0.001,34576,1.0,11.039987754821777,0.043994140625,5.140819072723389,0.012160062789916992,dabsn_thesis_20260630_012013_copy_length_ood
transformer_rope,1,48,64,64,1024,1000,48,0.001,34576,1.0,10.587418365478516,0.0303466796875,5.140819072723389,0.03019261360168457,dabsn_thesis_20260630_012013_copy_length_ood
transformer_rope,1,48,64,64,2048,1000,48,0.001,34576,1.0,9.690650367736817,0.024298095703125,5.140819072723389,0.10245299339294434,dabsn_thesis_20260630_012013_copy_length_ood
transformer_rope,1,48,64,64,3200,1000,48,0.001,34576,1.0,9.197396659851075,0.02109765596687794,5.140819072723389,0.2392258644104004,dabsn_thesis_20260630_012013_copy_length_ood
transformer_rope,2,48,64,64,64,1000,48,0.001,34576,1.0,8.320175547851249e-05,1.0,5.130417108535767,0.00901174545288086,dabsn_thesis_20260630_012013_copy_length_ood
transformer_rope,2,48,64,64,128,1000,48,0.001,34576,1.0,12.726962280273437,0.03499348945915699,5.130417108535767,0.008196592330932617,dabsn_thesis_20260630_012013_copy_length_ood
transformer_rope,2,48,64,64,256,1000,48,0.001,34576,1.0,10.89300994873047,0.056982421875,5.130417108535767,0.008161067962646484,dabsn_thesis_20260630_012013_copy_length_ood
transformer_rope,2,48,64,64,512,1000,48,0.001,34576,1.0,10.902128219604492,0.047265625,5.130417108535767,0.012485265731811523,dabsn_thesis_20260630_012013_copy_length_ood
transformer_rope,2,48,64,64,1024,1000,48,0.001,34576,1.0,10.683378410339355,0.0346435546875,5.130417108535767,0.030681133270263672,dabsn_thesis_20260630_012013_copy_length_ood
transformer_rope,2,48,64,64,2048,1000,48,0.001,34576,1.0,10.433642959594726,0.02442626953125,5.130417108535767,0.10563015937805176,dabsn_thesis_20260630_012013_copy_length_ood
transformer_rope,2,48,64,64,3200,1000,48,0.001,34576,1.0,10.172720527648925,0.020972656086087227,5.130417108535767,0.23912644386291504,dabsn_thesis_20260630_012013_copy_length_ood
