model,seed,hidden,train_seq_len,eval_seq_len,steps,batch_size,n_keys,n_values,n_pairs,filler_prob,ordered_pairs,lr,params,train_loss_last,eval_loss,eval_acc,seconds_train,seconds_eval,run
dabsn_seq,0,48,64,64,2000,64,16,16,8,0.25,False,0.006,16506,6.090829742788628e-07,1.6018515225368901e-06,1.0,1367.610191822052,0.5131926536560059,dabsn_thesis_20260630_033000_keyvalue_length_ood
dabsn_seq,0,48,64,128,2000,64,16,16,8,0.25,False,0.006,16506,6.090829742788628e-07,1.207724267260346e-06,1.0,1367.610191822052,0.5578107833862305,dabsn_thesis_20260630_033000_keyvalue_length_ood
dabsn_seq,0,48,64,256,2000,64,16,16,8,0.25,False,0.006,16506,6.090829742788628e-07,1.0009777042796486e-06,1.0,1367.610191822052,0.7735171318054199,dabsn_thesis_20260630_033000_keyvalue_length_ood
dabsn_seq,0,48,64,512,2000,64,16,16,8,0.25,False,0.006,16506,6.090829742788628e-07,1.0803241821122356e-06,1.0,1367.610191822052,1.302593469619751,dabsn_thesis_20260630_033000_keyvalue_length_ood
dabsn_seq,0,48,64,1024,2000,64,16,16,8,0.25,False,0.006,16506,6.090829742788628e-07,8.881015105544066e-07,1.0,1367.610191822052,2.569139242172241,dabsn_thesis_20260630_033000_keyvalue_length_ood
dabsn_seq,0,48,64,2000,2000,64,16,16,8,0.25,False,0.006,16506,6.090829742788628e-07,1.810265757740126e-06,1.0,1367.610191822052,6.100255966186523,dabsn_thesis_20260630_033000_keyvalue_length_ood
dabsn_seq,0,48,64,3200,2000,64,16,16,8,0.25,False,0.006,16506,6.090829742788628e-07,1.9108433662040625e-06,1.0,1367.610191822052,12.76428508758545,dabsn_thesis_20260630_033000_keyvalue_length_ood
dabsn_seq,1,48,64,64,2000,64,16,16,8,0.25,False,0.006,16506,4.250264282745775e-06,1.316499947279226e-06,1.0,1392.1389837265015,0.4980893135070801,dabsn_thesis_20260630_033000_keyvalue_length_ood
dabsn_seq,1,48,64,128,2000,64,16,16,8,0.25,False,0.006,16506,4.250264282745775e-06,4.614421868609497e-06,1.0,1392.1389837265015,0.5659968852996826,dabsn_thesis_20260630_033000_keyvalue_length_ood
dabsn_seq,1,48,64,256,2000,64,16,16,8,0.25,False,0.006,16506,4.250264282745775e-06,4.365102540759835e-06,1.0,1392.1389837265015,0.7626802921295166,dabsn_thesis_20260630_033000_keyvalue_length_ood
dabsn_seq,1,48,64,512,2000,64,16,16,8,0.25,False,0.006,16506,4.250264282745775e-06,2.0291311102482723e-06,1.0,1392.1389837265015,1.260941982269287,dabsn_thesis_20260630_033000_keyvalue_length_ood
dabsn_seq,1,48,64,1024,2000,64,16,16,8,0.25,False,0.006,16506,4.250264282745775e-06,1.4396156302609597e-06,1.0,1392.1389837265015,2.5324866771698,dabsn_thesis_20260630_033000_keyvalue_length_ood
dabsn_seq,1,48,64,2000,2000,64,16,16,8,0.25,False,0.006,16506,4.250264282745775e-06,3.0939868338464294e-06,1.0,1392.1389837265015,6.078780174255371,dabsn_thesis_20260630_033000_keyvalue_length_ood
dabsn_seq,1,48,64,3200,2000,64,16,16,8,0.25,False,0.006,16506,4.250264282745775e-06,4.376175638753921e-06,1.0,1392.1389837265015,12.657553672790527,dabsn_thesis_20260630_033000_keyvalue_length_ood
dabsn_seq,2,48,64,64,2000,64,16,16,8,0.25,False,0.006,16506,7.181288765423233e-06,1.0192133231612388e-05,1.0,1435.1188209056854,0.5092036724090576,dabsn_thesis_20260630_033000_keyvalue_length_ood
dabsn_seq,2,48,64,128,2000,64,16,16,8,0.25,False,0.006,16506,7.181288765423233e-06,1.7651545931585133e-06,1.0,1435.1188209056854,0.5571043491363525,dabsn_thesis_20260630_033000_keyvalue_length_ood
dabsn_seq,2,48,64,256,2000,64,16,16,8,0.25,False,0.006,16506,7.181288765423233e-06,2.927300329247373e-06,1.0,1435.1188209056854,0.7553377151489258,dabsn_thesis_20260630_033000_keyvalue_length_ood
dabsn_seq,2,48,64,512,2000,64,16,16,8,0.25,False,0.006,16506,7.181288765423233e-06,1.2255371757419198e-06,1.0,1435.1188209056854,1.2788422107696533,dabsn_thesis_20260630_033000_keyvalue_length_ood
dabsn_seq,2,48,64,1024,2000,64,16,16,8,0.25,False,0.006,16506,7.181288765423233e-06,2.1089217625558376e-06,1.0,1435.1188209056854,2.536219835281372,dabsn_thesis_20260630_033000_keyvalue_length_ood
dabsn_seq,2,48,64,2000,2000,64,16,16,8,0.25,False,0.006,16506,7.181288765423233e-06,1.731726683829038e-06,1.0,1435.1188209056854,6.072283506393433,dabsn_thesis_20260630_033000_keyvalue_length_ood
dabsn_seq,2,48,64,3200,2000,64,16,16,8,0.25,False,0.006,16506,7.181288765423233e-06,1.2048650432916475e-06,1.0,1435.1188209056854,12.679006576538086,dabsn_thesis_20260630_033000_keyvalue_length_ood
dabsn_field,0,48,64,64,2000,64,16,16,8,0.25,False,0.006,16507,6.090829742788628e-07,1.6018515225368901e-06,1.0,75.75883603096008,0.2826108932495117,dabsn_thesis_20260630_033000_keyvalue_length_ood
dabsn_field,0,48,64,128,2000,64,16,16,8,0.25,False,0.006,16507,6.090829742788628e-07,1.207724267260346e-06,1.0,75.75883603096008,0.3685338497161865,dabsn_thesis_20260630_033000_keyvalue_length_ood
dabsn_field,0,48,64,256,2000,64,16,16,8,0.25,False,0.006,16507,6.090829742788628e-07,1.0009777042796486e-06,1.0,75.75883603096008,0.5722715854644775,dabsn_thesis_20260630_033000_keyvalue_length_ood
dabsn_field,0,48,64,512,2000,64,16,16,8,0.25,False,0.006,16507,6.090829742788628e-07,1.0803241821122356e-06,1.0,75.75883603096008,1.090510606765747,dabsn_thesis_20260630_033000_keyvalue_length_ood
dabsn_field,0,48,64,1024,2000,64,16,16,8,0.25,False,0.006,16507,6.090829742788628e-07,8.881015105544066e-07,1.0,75.75883603096008,2.349609375,dabsn_thesis_20260630_033000_keyvalue_length_ood
dabsn_field,0,48,64,2000,2000,64,16,16,8,0.25,False,0.006,16507,6.090829742788628e-07,1.810265757740126e-06,1.0,75.75883603096008,5.876912593841553,dabsn_thesis_20260630_033000_keyvalue_length_ood
dabsn_field,0,48,64,3200,2000,64,16,16,8,0.25,False,0.006,16507,6.090829742788628e-07,1.9108433662040625e-06,1.0,75.75883603096008,12.522690296173096,dabsn_thesis_20260630_033000_keyvalue_length_ood
dabsn_field,1,48,64,64,2000,64,16,16,8,0.25,False,0.006,16507,4.250264282745775e-06,1.316499947279226e-06,1.0,75.35459733009338,0.2924330234527588,dabsn_thesis_20260630_033000_keyvalue_length_ood
dabsn_field,1,48,64,128,2000,64,16,16,8,0.25,False,0.006,16507,4.250264282745775e-06,4.614421868609497e-06,1.0,75.35459733009338,0.36867523193359375,dabsn_thesis_20260630_033000_keyvalue_length_ood
dabsn_field,1,48,64,256,2000,64,16,16,8,0.25,False,0.006,16507,4.250264282745775e-06,4.365102540759835e-06,1.0,75.35459733009338,0.5711002349853516,dabsn_thesis_20260630_033000_keyvalue_length_ood
dabsn_field,1,48,64,512,2000,64,16,16,8,0.25,False,0.006,16507,4.250264282745775e-06,2.0291311102482723e-06,1.0,75.35459733009338,1.1183829307556152,dabsn_thesis_20260630_033000_keyvalue_length_ood
dabsn_field,1,48,64,1024,2000,64,16,16,8,0.25,False,0.006,16507,4.250264282745775e-06,1.4396156302609597e-06,1.0,75.35459733009338,2.376255512237549,dabsn_thesis_20260630_033000_keyvalue_length_ood
dabsn_field,1,48,64,2000,2000,64,16,16,8,0.25,False,0.006,16507,4.250264282745775e-06,3.0939868338464294e-06,1.0,75.35459733009338,5.903152227401733,dabsn_thesis_20260630_033000_keyvalue_length_ood
dabsn_field,1,48,64,3200,2000,64,16,16,8,0.25,False,0.006,16507,4.250264282745775e-06,4.376175638753921e-06,1.0,75.35459733009338,12.541622161865234,dabsn_thesis_20260630_033000_keyvalue_length_ood
dabsn_field,2,48,64,64,2000,64,16,16,8,0.25,False,0.006,16507,7.181288765423233e-06,1.0192133231612388e-05,1.0,74.45785117149353,0.28589558601379395,dabsn_thesis_20260630_033000_keyvalue_length_ood
dabsn_field,2,48,64,128,2000,64,16,16,8,0.25,False,0.006,16507,7.181288765423233e-06,1.7651545931585133e-06,1.0,74.45785117149353,0.37503790855407715,dabsn_thesis_20260630_033000_keyvalue_length_ood
dabsn_field,2,48,64,256,2000,64,16,16,8,0.25,False,0.006,16507,7.181288765423233e-06,2.927300329247373e-06,1.0,74.45785117149353,0.6004986763000488,dabsn_thesis_20260630_033000_keyvalue_length_ood
dabsn_field,2,48,64,512,2000,64,16,16,8,0.25,False,0.006,16507,7.181288765423233e-06,1.2255371757419198e-06,1.0,74.45785117149353,1.089385986328125,dabsn_thesis_20260630_033000_keyvalue_length_ood
dabsn_field,2,48,64,1024,2000,64,16,16,8,0.25,False,0.006,16507,7.181288765423233e-06,2.1089217625558376e-06,1.0,74.45785117149353,2.38421368598938,dabsn_thesis_20260630_033000_keyvalue_length_ood
dabsn_field,2,48,64,2000,2000,64,16,16,8,0.25,False,0.006,16507,7.181288765423233e-06,1.731726683829038e-06,1.0,74.45785117149353,5.895095348358154,dabsn_thesis_20260630_033000_keyvalue_length_ood
dabsn_field,2,48,64,3200,2000,64,16,16,8,0.25,False,0.006,16507,7.181288765423233e-06,1.2048650432916475e-06,1.0,74.45785117149353,12.505724668502808,dabsn_thesis_20260630_033000_keyvalue_length_ood
dabsn_hybrid,0,48,64,64,2000,64,16,16,8,0.25,False,0.006,16507,2.359137943130918e-05,3.3103595342254266e-05,1.0,1457.9913828372955,0.5415585041046143,dabsn_thesis_20260630_033000_keyvalue_length_ood
dabsn_hybrid,0,48,64,128,2000,64,16,16,8,0.25,False,0.006,16507,2.359137943130918e-05,1.758472171786707e-05,1.0,1457.9913828372955,0.5930747985839844,dabsn_thesis_20260630_033000_keyvalue_length_ood
dabsn_hybrid,0,48,64,256,2000,64,16,16,8,0.25,False,0.006,16507,2.359137943130918e-05,1.0694655429688282e-05,1.0,1457.9913828372955,0.813894510269165,dabsn_thesis_20260630_033000_keyvalue_length_ood
dabsn_hybrid,0,48,64,512,2000,64,16,16,8,0.25,False,0.006,16507,2.359137943130918e-05,2.5453366106376052e-05,1.0,1457.9913828372955,1.4755892753601074,dabsn_thesis_20260630_033000_keyvalue_length_ood
dabsn_hybrid,0,48,64,1024,2000,64,16,16,8,0.25,False,0.006,16507,2.359137943130918e-05,1.3002393643546384e-05,1.0,1457.9913828372955,3.3358330726623535,dabsn_thesis_20260630_033000_keyvalue_length_ood
dabsn_hybrid,0,48,64,2000,2000,64,16,16,8,0.25,False,0.006,16507,2.359137943130918e-05,2.238709021185059e-05,1.0,1457.9913828372955,9.12683629989624,dabsn_thesis_20260630_033000_keyvalue_length_ood
dabsn_hybrid,0,48,64,3200,2000,64,16,16,8,0.25,False,0.006,16507,2.359137943130918e-05,4.6615077735623345e-05,1.0,1457.9913828372955,20.816458702087402,dabsn_thesis_20260630_033000_keyvalue_length_ood
dabsn_hybrid,1,48,64,64,2000,64,16,16,8,0.25,False,0.006,16507,0.0008201465243473649,0.023573359474539757,0.9984375,1487.1367890834808,0.533381462097168,dabsn_thesis_20260630_033000_keyvalue_length_ood
dabsn_hybrid,1,48,64,128,2000,64,16,16,8,0.25,False,0.006,16507,0.0008201465243473649,0.0020107144955545664,1.0,1487.1367890834808,0.5985302925109863,dabsn_thesis_20260630_033000_keyvalue_length_ood
dabsn_hybrid,1,48,64,256,2000,64,16,16,8,0.25,False,0.006,16507,0.0008201465243473649,0.0019451348343864083,0.9984375,1487.1367890834808,0.8418011665344238,dabsn_thesis_20260630_033000_keyvalue_length_ood
dabsn_hybrid,1,48,64,512,2000,64,16,16,8,0.25,False,0.006,16507,0.0008201465243473649,0.0019435685826465487,0.9984375,1487.1367890834808,1.5014660358428955,dabsn_thesis_20260630_033000_keyvalue_length_ood
dabsn_hybrid,1,48,64,1024,2000,64,16,16,8,0.25,False,0.006,16507,0.0008201465243473649,0.0024098982103168964,0.9984375,1487.1367890834808,3.392970561981201,dabsn_thesis_20260630_033000_keyvalue_length_ood
dabsn_hybrid,1,48,64,2000,2000,64,16,16,8,0.25,False,0.006,16507,0.0008201465243473649,0.003876935690641403,0.9984375,1487.1367890834808,9.234411716461182,dabsn_thesis_20260630_033000_keyvalue_length_ood
dabsn_hybrid,1,48,64,3200,2000,64,16,16,8,0.25,False,0.006,16507,0.0008201465243473649,0.010192004963755608,0.9921875,1487.1367890834808,20.900240898132324,dabsn_thesis_20260630_033000_keyvalue_length_ood
dabsn_hybrid,2,48,64,64,2000,64,16,16,8,0.25,False,0.006,16507,6.407413479792012e-07,1.2277641872060485e-06,1.0,1504.5769300460815,0.5315861701965332,dabsn_thesis_20260630_033000_keyvalue_length_ood
dabsn_hybrid,2,48,64,128,2000,64,16,16,8,0.25,False,0.006,16507,6.407413479792012e-07,1.4244195654100622e-06,1.0,1504.5769300460815,0.5804963111877441,dabsn_thesis_20260630_033000_keyvalue_length_ood
dabsn_hybrid,2,48,64,256,2000,64,16,16,8,0.25,False,0.006,16507,6.407413479792012e-07,2.9713894491578685e-06,1.0,1504.5769300460815,0.8285596370697021,dabsn_thesis_20260630_033000_keyvalue_length_ood
dabsn_hybrid,2,48,64,512,2000,64,16,16,8,0.25,False,0.006,16507,6.407413479792012e-07,3.85191071927693e-07,1.0,1504.5769300460815,1.500063419342041,dabsn_thesis_20260630_033000_keyvalue_length_ood
dabsn_hybrid,2,48,64,1024,2000,64,16,16,8,0.25,False,0.006,16507,6.407413479792012e-07,1.0069207974083838e-06,1.0,1504.5769300460815,3.3377528190612793,dabsn_thesis_20260630_033000_keyvalue_length_ood
dabsn_hybrid,2,48,64,2000,2000,64,16,16,8,0.25,False,0.006,16507,6.407413479792012e-07,4.319417428177985e-07,1.0,1504.5769300460815,9.149605751037598,dabsn_thesis_20260630_033000_keyvalue_length_ood
dabsn_hybrid,2,48,64,3200,2000,64,16,16,8,0.25,False,0.006,16507,6.407413479792012e-07,5.919356453887303e-07,1.0,1504.5769300460815,20.834794282913208,dabsn_thesis_20260630_033000_keyvalue_length_ood
gru,0,48,64,64,2000,64,16,16,8,0.25,False,0.001,13024,2.6378726959228516,2.4295642375946045,0.1984375,54.42259740829468,0.248457670211792,dabsn_thesis_20260630_033000_keyvalue_length_ood
gru,0,48,64,128,2000,64,16,16,8,0.25,False,0.001,13024,2.6378726959228516,2.5564727783203125,0.1703125,54.42259740829468,0.32752370834350586,dabsn_thesis_20260630_033000_keyvalue_length_ood
gru,0,48,64,256,2000,64,16,16,8,0.25,False,0.001,13024,2.6378726959228516,2.8565614223480225,0.1046875,54.42259740829468,0.48602867126464844,dabsn_thesis_20260630_033000_keyvalue_length_ood
gru,0,48,64,512,2000,64,16,16,8,0.25,False,0.001,13024,2.6378726959228516,3.1532323360443115,0.075,54.42259740829468,0.8073267936706543,dabsn_thesis_20260630_033000_keyvalue_length_ood
gru,0,48,64,1024,2000,64,16,16,8,0.25,False,0.001,13024,2.6378726959228516,3.2372024059295654,0.075,54.42259740829468,1.4425935745239258,dabsn_thesis_20260630_033000_keyvalue_length_ood
gru,0,48,64,2000,2000,64,16,16,8,0.25,False,0.001,13024,2.6378726959228516,3.2841084003448486,0.0671875,54.42259740829468,2.6572699546813965,dabsn_thesis_20260630_033000_keyvalue_length_ood
gru,0,48,64,3200,2000,64,16,16,8,0.25,False,0.001,13024,2.6378726959228516,3.2286834716796875,0.078125,54.42259740829468,4.152246713638306,dabsn_thesis_20260630_033000_keyvalue_length_ood
gru,1,48,64,64,2000,64,16,16,8,0.25,False,0.001,13024,2.4305851459503174,2.488253116607666,0.1859375,54.20257019996643,0.26014113426208496,dabsn_thesis_20260630_033000_keyvalue_length_ood
gru,1,48,64,128,2000,64,16,16,8,0.25,False,0.001,13024,2.4305851459503174,2.508294105529785,0.159375,54.20257019996643,0.3454322814941406,dabsn_thesis_20260630_033000_keyvalue_length_ood
gru,1,48,64,256,2000,64,16,16,8,0.25,False,0.001,13024,2.4305851459503174,2.6560275554656982,0.146875,54.20257019996643,0.506072998046875,dabsn_thesis_20260630_033000_keyvalue_length_ood
gru,1,48,64,512,2000,64,16,16,8,0.25,False,0.001,13024,2.4305851459503174,2.8179173469543457,0.09375,54.20257019996643,0.8144898414611816,dabsn_thesis_20260630_033000_keyvalue_length_ood
gru,1,48,64,1024,2000,64,16,16,8,0.25,False,0.001,13024,2.4305851459503174,2.895505666732788,0.0984375,54.20257019996643,1.4471356868743896,dabsn_thesis_20260630_033000_keyvalue_length_ood
gru,1,48,64,2000,2000,64,16,16,8,0.25,False,0.001,13024,2.4305851459503174,3.0249428749084473,0.0921875,54.20257019996643,2.6577281951904297,dabsn_thesis_20260630_033000_keyvalue_length_ood
gru,1,48,64,3200,2000,64,16,16,8,0.25,False,0.001,13024,2.4305851459503174,3.0246853828430176,0.0921875,54.20257019996643,4.1364970207214355,dabsn_thesis_20260630_033000_keyvalue_length_ood
gru,2,48,64,64,2000,64,16,16,8,0.25,False,0.001,13024,2.5275774002075195,2.421752452850342,0.196875,54.19676756858826,0.2582437992095947,dabsn_thesis_20260630_033000_keyvalue_length_ood
gru,2,48,64,128,2000,64,16,16,8,0.25,False,0.001,13024,2.5275774002075195,2.5867130756378174,0.153125,54.19676756858826,0.33504414558410645,dabsn_thesis_20260630_033000_keyvalue_length_ood
gru,2,48,64,256,2000,64,16,16,8,0.25,False,0.001,13024,2.5275774002075195,2.779561758041382,0.10625,54.19676756858826,0.5044193267822266,dabsn_thesis_20260630_033000_keyvalue_length_ood
gru,2,48,64,512,2000,64,16,16,8,0.25,False,0.001,13024,2.5275774002075195,2.990957260131836,0.115625,54.19676756858826,0.8233001232147217,dabsn_thesis_20260630_033000_keyvalue_length_ood
gru,2,48,64,1024,2000,64,16,16,8,0.25,False,0.001,13024,2.5275774002075195,3.0312087535858154,0.11875,54.19676756858826,1.4559998512268066,dabsn_thesis_20260630_033000_keyvalue_length_ood
gru,2,48,64,2000,2000,64,16,16,8,0.25,False,0.001,13024,2.5275774002075195,3.0719738006591797,0.078125,54.19676756858826,2.6777546405792236,dabsn_thesis_20260630_033000_keyvalue_length_ood
gru,2,48,64,3200,2000,64,16,16,8,0.25,False,0.001,13024,2.5275774002075195,3.1829376220703125,0.065625,54.19676756858826,4.141578197479248,dabsn_thesis_20260630_033000_keyvalue_length_ood
lstm,0,48,64,64,2000,64,16,16,8,0.25,False,0.001,17104,2.658202648162842,2.5764663219451904,0.1578125,55.43995666503906,0.2490708827972412,dabsn_thesis_20260630_033000_keyvalue_length_ood
lstm,0,48,64,128,2000,64,16,16,8,0.25,False,0.001,17104,2.658202648162842,2.6496779918670654,0.1421875,55.43995666503906,0.33005380630493164,dabsn_thesis_20260630_033000_keyvalue_length_ood
lstm,0,48,64,256,2000,64,16,16,8,0.25,False,0.001,17104,2.658202648162842,2.799241542816162,0.1046875,55.43995666503906,0.49196720123291016,dabsn_thesis_20260630_033000_keyvalue_length_ood
lstm,0,48,64,512,2000,64,16,16,8,0.25,False,0.001,17104,2.658202648162842,2.99485182762146,0.071875,55.43995666503906,0.812199592590332,dabsn_thesis_20260630_033000_keyvalue_length_ood
lstm,0,48,64,1024,2000,64,16,16,8,0.25,False,0.001,17104,2.658202648162842,3.1391632556915283,0.065625,55.43995666503906,1.4478633403778076,dabsn_thesis_20260630_033000_keyvalue_length_ood
lstm,0,48,64,2000,2000,64,16,16,8,0.25,False,0.001,17104,2.658202648162842,3.1069867610931396,0.0625,55.43995666503906,2.6622283458709717,dabsn_thesis_20260630_033000_keyvalue_length_ood
lstm,0,48,64,3200,2000,64,16,16,8,0.25,False,0.001,17104,2.658202648162842,3.1664998531341553,0.046875,55.43995666503906,4.149893522262573,dabsn_thesis_20260630_033000_keyvalue_length_ood
lstm,1,48,64,64,2000,64,16,16,8,0.25,False,0.001,17104,2.6537270545959473,2.580474615097046,0.153125,54.074503660202026,0.25782227516174316,dabsn_thesis_20260630_033000_keyvalue_length_ood
lstm,1,48,64,128,2000,64,16,16,8,0.25,False,0.001,17104,2.6537270545959473,2.6470696926116943,0.1375,54.074503660202026,0.32666683197021484,dabsn_thesis_20260630_033000_keyvalue_length_ood
lstm,1,48,64,256,2000,64,16,16,8,0.25,False,0.001,17104,2.6537270545959473,2.6779625415802,0.146875,54.074503660202026,0.4817471504211426,dabsn_thesis_20260630_033000_keyvalue_length_ood
lstm,1,48,64,512,2000,64,16,16,8,0.25,False,0.001,17104,2.6537270545959473,2.7461068630218506,0.103125,54.074503660202026,0.8124227523803711,dabsn_thesis_20260630_033000_keyvalue_length_ood
lstm,1,48,64,1024,2000,64,16,16,8,0.25,False,0.001,17104,2.6537270545959473,2.765342950820923,0.0890625,54.074503660202026,1.450883388519287,dabsn_thesis_20260630_033000_keyvalue_length_ood
lstm,1,48,64,2000,2000,64,16,16,8,0.25,False,0.001,17104,2.6537270545959473,2.7856061458587646,0.0609375,54.074503660202026,2.6566340923309326,dabsn_thesis_20260630_033000_keyvalue_length_ood
lstm,1,48,64,3200,2000,64,16,16,8,0.25,False,0.001,17104,2.6537270545959473,2.7896668910980225,0.0875,54.074503660202026,4.171544313430786,dabsn_thesis_20260630_033000_keyvalue_length_ood
lstm,2,48,64,64,2000,64,16,16,8,0.25,False,0.001,17104,2.6233744621276855,2.6099088191986084,0.140625,54.09807872772217,0.25166749954223633,dabsn_thesis_20260630_033000_keyvalue_length_ood
lstm,2,48,64,128,2000,64,16,16,8,0.25,False,0.001,17104,2.6233744621276855,2.659175157546997,0.1328125,54.09807872772217,0.32892417907714844,dabsn_thesis_20260630_033000_keyvalue_length_ood
lstm,2,48,64,256,2000,64,16,16,8,0.25,False,0.001,17104,2.6233744621276855,2.6966843605041504,0.1125,54.09807872772217,0.4862070083618164,dabsn_thesis_20260630_033000_keyvalue_length_ood
lstm,2,48,64,512,2000,64,16,16,8,0.25,False,0.001,17104,2.6233744621276855,2.7672054767608643,0.1015625,54.09807872772217,0.8031890392303467,dabsn_thesis_20260630_033000_keyvalue_length_ood
lstm,2,48,64,1024,2000,64,16,16,8,0.25,False,0.001,17104,2.6233744621276855,2.8050849437713623,0.0765625,54.09807872772217,1.449373483657837,dabsn_thesis_20260630_033000_keyvalue_length_ood
lstm,2,48,64,2000,2000,64,16,16,8,0.25,False,0.001,17104,2.6233744621276855,2.8060741424560547,0.05625,54.09807872772217,2.658264636993408,dabsn_thesis_20260630_033000_keyvalue_length_ood
lstm,2,48,64,3200,2000,64,16,16,8,0.25,False,0.001,17104,2.6233744621276855,2.817162275314331,0.0546875,54.09807872772217,4.174851894378662,dabsn_thesis_20260630_033000_keyvalue_length_ood
transformer,0,48,64,64,2000,64,16,16,8,0.25,False,0.001,30784,0.00020162557484582067,0.00017379934433847666,1.0,57.887993812561035,0.25768184661865234,dabsn_thesis_20260630_033000_keyvalue_length_ood
transformer,0,48,64,128,2000,64,16,16,8,0.25,False,0.001,30784,0.00020162557484582067,4.252101898193359,0.278125,57.887993812561035,0.32982754707336426,dabsn_thesis_20260630_033000_keyvalue_length_ood
transformer,0,48,64,256,2000,64,16,16,8,0.25,False,0.001,30784,0.00020162557484582067,6.946005344390869,0.084375,57.887993812561035,0.48665404319763184,dabsn_thesis_20260630_033000_keyvalue_length_ood
transformer,0,48,64,512,2000,64,16,16,8,0.25,False,0.001,30784,0.00020162557484582067,8.702825546264648,0.0625,57.887993812561035,0.808344841003418,dabsn_thesis_20260630_033000_keyvalue_length_ood
transformer,0,48,64,1024,2000,64,16,16,8,0.25,False,0.001,30784,0.00020162557484582067,6.785931587219238,0.0703125,57.887993812561035,1.4698493480682373,dabsn_thesis_20260630_033000_keyvalue_length_ood
transformer,0,48,64,2000,2000,64,16,16,8,0.25,False,0.001,30784,0.00020162557484582067,6.163283824920654,0.0546875,57.887993812561035,2.761859178543091,dabsn_thesis_20260630_033000_keyvalue_length_ood
transformer,0,48,64,3200,2000,64,16,16,8,0.25,False,0.001,30784,0.00020162557484582067,5.660445690155029,0.05625,57.887993812561035,4.481961488723755,dabsn_thesis_20260630_033000_keyvalue_length_ood
transformer,1,48,64,64,2000,64,16,16,8,0.25,False,0.001,30784,0.006175257731229067,0.0002495611261110753,1.0,57.72103238105774,0.25373077392578125,dabsn_thesis_20260630_033000_keyvalue_length_ood
transformer,1,48,64,128,2000,64,16,16,8,0.25,False,0.001,30784,0.006175257731229067,9.479387283325195,0.0703125,57.72103238105774,0.33192944526672363,dabsn_thesis_20260630_033000_keyvalue_length_ood
transformer,1,48,64,256,2000,64,16,16,8,0.25,False,0.001,30784,0.006175257731229067,7.552359104156494,0.0703125,57.72103238105774,0.484358549118042,dabsn_thesis_20260630_033000_keyvalue_length_ood
transformer,1,48,64,512,2000,64,16,16,8,0.25,False,0.001,30784,0.006175257731229067,6.214243412017822,0.071875,57.72103238105774,0.8143661022186279,dabsn_thesis_20260630_033000_keyvalue_length_ood
transformer,1,48,64,1024,2000,64,16,16,8,0.25,False,0.001,30784,0.006175257731229067,7.026355266571045,0.075,57.72103238105774,1.4755218029022217,dabsn_thesis_20260630_033000_keyvalue_length_ood
transformer,1,48,64,2000,2000,64,16,16,8,0.25,False,0.001,30784,0.006175257731229067,6.556628704071045,0.0671875,57.72103238105774,2.773604154586792,dabsn_thesis_20260630_033000_keyvalue_length_ood
transformer,1,48,64,3200,2000,64,16,16,8,0.25,False,0.001,30784,0.006175257731229067,6.369264125823975,0.0703125,57.72103238105774,4.630399703979492,dabsn_thesis_20260630_033000_keyvalue_length_ood
transformer,2,48,64,64,2000,64,16,16,8,0.25,False,0.001,30784,5.1259434258099645e-05,0.0001057821573340334,1.0,57.97035503387451,0.25408458709716797,dabsn_thesis_20260630_033000_keyvalue_length_ood
transformer,2,48,64,128,2000,64,16,16,8,0.25,False,0.001,30784,5.1259434258099645e-05,4.185039043426514,0.3015625,57.97035503387451,0.3313753604888916,dabsn_thesis_20260630_033000_keyvalue_length_ood
transformer,2,48,64,256,2000,64,16,16,8,0.25,False,0.001,30784,5.1259434258099645e-05,5.222661018371582,0.11875,57.97035503387451,0.48834228515625,dabsn_thesis_20260630_033000_keyvalue_length_ood
transformer,2,48,64,512,2000,64,16,16,8,0.25,False,0.001,30784,5.1259434258099645e-05,6.9599199295043945,0.0828125,57.97035503387451,0.8119518756866455,dabsn_thesis_20260630_033000_keyvalue_length_ood
transformer,2,48,64,1024,2000,64,16,16,8,0.25,False,0.001,30784,5.1259434258099645e-05,7.146061897277832,0.0578125,57.97035503387451,1.4710228443145752,dabsn_thesis_20260630_033000_keyvalue_length_ood
transformer,2,48,64,2000,2000,64,16,16,8,0.25,False,0.001,30784,5.1259434258099645e-05,5.928573131561279,0.0625,57.97035503387451,2.7635715007781982,dabsn_thesis_20260630_033000_keyvalue_length_ood
transformer,2,48,64,3200,2000,64,16,16,8,0.25,False,0.001,30784,5.1259434258099645e-05,6.282374858856201,0.0703125,57.97035503387451,4.479938745498657,dabsn_thesis_20260630_033000_keyvalue_length_ood
transformer_rope,0,48,64,64,2000,64,16,16,8,0.25,False,0.001,30784,1.7040831153281033e-05,4.003108915640041e-05,1.0,58.808040618896484,0.26839590072631836,dabsn_thesis_20260630_033000_keyvalue_length_ood
transformer_rope,0,48,64,128,2000,64,16,16,8,0.25,False,0.001,30784,1.7040831153281033e-05,0.3054253160953522,0.953125,58.808040618896484,0.3472917079925537,dabsn_thesis_20260630_033000_keyvalue_length_ood
transformer_rope,0,48,64,256,2000,64,16,16,8,0.25,False,0.001,30784,1.7040831153281033e-05,1.2548904418945312,0.7609375,58.808040618896484,0.4895625114440918,dabsn_thesis_20260630_033000_keyvalue_length_ood
transformer_rope,0,48,64,512,2000,64,16,16,8,0.25,False,0.001,30784,1.7040831153281033e-05,3.983457326889038,0.4359375,58.808040618896484,0.8315365314483643,dabsn_thesis_20260630_033000_keyvalue_length_ood
transformer_rope,0,48,64,1024,2000,64,16,16,8,0.25,False,0.001,30784,1.7040831153281033e-05,5.664784908294678,0.2703125,58.808040618896484,1.4831514358520508,dabsn_thesis_20260630_033000_keyvalue_length_ood
transformer_rope,0,48,64,2000,2000,64,16,16,8,0.25,False,0.001,30784,1.7040831153281033e-05,7.626086711883545,0.1,58.808040618896484,2.8831489086151123,dabsn_thesis_20260630_033000_keyvalue_length_ood
transformer_rope,0,48,64,3200,2000,64,16,16,8,0.25,False,0.001,30784,1.7040831153281033e-05,7.799544811248779,0.0859375,58.808040618896484,4.653273582458496,dabsn_thesis_20260630_033000_keyvalue_length_ood
transformer_rope,1,48,64,64,2000,64,16,16,8,0.25,False,0.001,30784,3.600538911996409e-05,2.6550012989901006e-05,1.0,59.05054998397827,0.25673389434814453,dabsn_thesis_20260630_033000_keyvalue_length_ood
transformer_rope,1,48,64,128,2000,64,16,16,8,0.25,False,0.001,30784,3.600538911996409e-05,0.24856534600257874,0.959375,59.05054998397827,0.3444521427154541,dabsn_thesis_20260630_033000_keyvalue_length_ood
transformer_rope,1,48,64,256,2000,64,16,16,8,0.25,False,0.001,30784,3.600538911996409e-05,1.8829116821289062,0.75625,59.05054998397827,0.4893760681152344,dabsn_thesis_20260630_033000_keyvalue_length_ood
transformer_rope,1,48,64,512,2000,64,16,16,8,0.25,False,0.001,30784,3.600538911996409e-05,3.6670920848846436,0.503125,59.05054998397827,0.8242743015289307,dabsn_thesis_20260630_033000_keyvalue_length_ood
transformer_rope,1,48,64,1024,2000,64,16,16,8,0.25,False,0.001,30784,3.600538911996409e-05,4.33660888671875,0.3421875,59.05054998397827,1.490903615951538,dabsn_thesis_20260630_033000_keyvalue_length_ood
transformer_rope,1,48,64,2000,2000,64,16,16,8,0.25,False,0.001,30784,3.600538911996409e-05,5.47239875793457,0.1203125,59.05054998397827,2.8269872665405273,dabsn_thesis_20260630_033000_keyvalue_length_ood
transformer_rope,1,48,64,3200,2000,64,16,16,8,0.25,False,0.001,30784,3.600538911996409e-05,5.556906223297119,0.1015625,59.05054998397827,4.670137405395508,dabsn_thesis_20260630_033000_keyvalue_length_ood
transformer_rope,2,48,64,64,2000,64,16,16,8,0.25,False,0.001,30784,2.6020277800853364e-05,2.26554402615875e-05,1.0,58.96499180793762,0.2691986560821533,dabsn_thesis_20260630_033000_keyvalue_length_ood
transformer_rope,2,48,64,128,2000,64,16,16,8,0.25,False,0.001,30784,2.6020277800853364e-05,0.3824635446071625,0.940625,58.96499180793762,0.3486487865447998,dabsn_thesis_20260630_033000_keyvalue_length_ood
transformer_rope,2,48,64,256,2000,64,16,16,8,0.25,False,0.001,30784,2.6020277800853364e-05,2.6518912315368652,0.6953125,58.96499180793762,0.49353957176208496,dabsn_thesis_20260630_033000_keyvalue_length_ood
transformer_rope,2,48,64,512,2000,64,16,16,8,0.25,False,0.001,30784,2.6020277800853364e-05,5.400142192840576,0.4296875,58.96499180793762,0.8179757595062256,dabsn_thesis_20260630_033000_keyvalue_length_ood
transformer_rope,2,48,64,1024,2000,64,16,16,8,0.25,False,0.001,30784,2.6020277800853364e-05,7.128827095031738,0.2484375,58.96499180793762,1.5493407249450684,dabsn_thesis_20260630_033000_keyvalue_length_ood
transformer_rope,2,48,64,2000,2000,64,16,16,8,0.25,False,0.001,30784,2.6020277800853364e-05,8.05571460723877,0.09375,58.96499180793762,2.8140335083007812,dabsn_thesis_20260630_033000_keyvalue_length_ood
transformer_rope,2,48,64,3200,2000,64,16,16,8,0.25,False,0.001,30784,2.6020277800853364e-05,7.9241862297058105,0.1078125,58.96499180793762,4.672518014907837,dabsn_thesis_20260630_033000_keyvalue_length_ood
