model,seed,hidden,train_seq_len,eval_seq_len,steps,batch_size,n_keys,n_values,n_pairs,lr,params,train_loss_last,eval_loss,eval_acc,seconds_train,seconds_eval,run
dabsn_seq,0,48,64,64,1000,64,16,16,8,0.006,16506,2.253638513138867e-06,1.5681247077736772e-06,1.0,80.57401180267334,0.6377067565917969,dabsn_thesis_20260630_012013_mqar_length_ood
dabsn_seq,0,48,64,128,1000,64,16,16,8,0.006,16506,2.253638513138867e-06,1.673367012244853e-06,1.0,80.57401180267334,1.1594271659851074,dabsn_thesis_20260630_012013_mqar_length_ood
dabsn_seq,0,48,64,256,1000,64,16,16,8,0.006,16506,2.253638513138867e-06,1.971109952592087e-06,1.0,80.57401180267334,1.798992395401001,dabsn_thesis_20260630_012013_mqar_length_ood
dabsn_seq,0,48,64,512,1000,64,16,16,8,0.006,16506,2.253638513138867e-06,2.2573692490368556e-06,1.0,80.57401180267334,3.2301883697509766,dabsn_thesis_20260630_012013_mqar_length_ood
dabsn_seq,0,48,64,1024,1000,64,16,16,8,0.006,16506,2.253638513138867e-06,1.5267730191226292e-06,1.0,80.57401180267334,6.502529144287109,dabsn_thesis_20260630_012013_mqar_length_ood
dabsn_seq,0,48,64,2000,1000,64,16,16,8,0.006,16506,2.253638513138867e-06,1.5349163049904746e-06,1.0,80.57401180267334,13.674040794372559,dabsn_thesis_20260630_012013_mqar_length_ood
dabsn_seq,0,48,64,3200,1000,64,16,16,8,0.006,16506,2.253638513138867e-06,1.4293546541921387e-06,1.0,80.57401180267334,25.232473373413086,dabsn_thesis_20260630_012013_mqar_length_ood
dabsn_seq,1,48,64,64,1000,64,16,16,8,0.006,16506,0.00013029080582782626,0.0001655318457778776,1.0,71.16701483726501,0.6226098537445068,dabsn_thesis_20260630_012013_mqar_length_ood
dabsn_seq,1,48,64,128,1000,64,16,16,8,0.006,16506,0.00013029080582782626,6.803103351558094e-05,1.0,71.16701483726501,0.9632363319396973,dabsn_thesis_20260630_012013_mqar_length_ood
dabsn_seq,1,48,64,256,1000,64,16,16,8,0.006,16506,0.00013029080582782626,9.762320532900049e-05,1.0,71.16701483726501,1.6069228649139404,dabsn_thesis_20260630_012013_mqar_length_ood
dabsn_seq,1,48,64,512,1000,64,16,16,8,0.006,16506,0.00013029080582782626,3.9731170272716557e-05,1.0,71.16701483726501,3.0700271129608154,dabsn_thesis_20260630_012013_mqar_length_ood
dabsn_seq,1,48,64,1024,1000,64,16,16,8,0.006,16506,0.00013029080582782626,4.3000360165024176e-05,1.0,71.16701483726501,6.26550030708313,dabsn_thesis_20260630_012013_mqar_length_ood
dabsn_seq,1,48,64,2000,1000,64,16,16,8,0.006,16506,0.00013029080582782626,4.382465222079191e-05,1.0,71.16701483726501,13.542661905288696,dabsn_thesis_20260630_012013_mqar_length_ood
dabsn_seq,1,48,64,3200,1000,64,16,16,8,0.006,16506,0.00013029080582782626,4.999492721253773e-05,1.0,71.16701483726501,24.892637014389038,dabsn_thesis_20260630_012013_mqar_length_ood
dabsn_seq,2,48,64,64,1000,64,16,16,8,0.006,16506,2.378299313932075e-06,4.230543413541454e-06,1.0,71.30733227729797,0.6437973976135254,dabsn_thesis_20260630_012013_mqar_length_ood
dabsn_seq,2,48,64,128,1000,64,16,16,8,0.006,16506,2.378299313932075e-06,2.0695210537269303e-06,1.0,71.30733227729797,0.9570612907409668,dabsn_thesis_20260630_012013_mqar_length_ood
dabsn_seq,2,48,64,256,1000,64,16,16,8,0.006,16506,2.378299313932075e-06,3.2323824598279317e-06,1.0,71.30733227729797,1.6187844276428223,dabsn_thesis_20260630_012013_mqar_length_ood
dabsn_seq,2,48,64,512,1000,64,16,16,8,0.006,16506,2.378299313932075e-06,3.8353619856934525e-06,1.0,71.30733227729797,3.0775070190429688,dabsn_thesis_20260630_012013_mqar_length_ood
dabsn_seq,2,48,64,1024,1000,64,16,16,8,0.006,16506,2.378299313932075e-06,4.311588941163791e-06,1.0,71.30733227729797,6.2836456298828125,dabsn_thesis_20260630_012013_mqar_length_ood
dabsn_seq,2,48,64,2000,1000,64,16,16,8,0.006,16506,2.378299313932075e-06,3.5294973940835915e-06,1.0,71.30733227729797,13.576898574829102,dabsn_thesis_20260630_012013_mqar_length_ood
dabsn_seq,2,48,64,3200,1000,64,16,16,8,0.006,16506,2.378299313932075e-06,3.828698345387238e-06,1.0,71.30733227729797,25.003639936447144,dabsn_thesis_20260630_012013_mqar_length_ood
dabsn_field,0,48,64,64,1000,64,16,16,8,0.006,16507,2.0255911294952966e-06,2.0186312553960307e-06,1.0,71.54933619499207,0.626861572265625,dabsn_thesis_20260630_012013_mqar_length_ood
dabsn_field,0,48,64,128,1000,64,16,16,8,0.006,16507,2.0255911294952966e-06,2.199369737354573e-06,1.0,71.54933619499207,0.9428279399871826,dabsn_thesis_20260630_012013_mqar_length_ood
dabsn_field,0,48,64,256,1000,64,16,16,8,0.006,16507,2.0255911294952966e-06,2.80683441360452e-06,1.0,71.54933619499207,1.608856439590454,dabsn_thesis_20260630_012013_mqar_length_ood
dabsn_field,0,48,64,512,1000,64,16,16,8,0.006,16507,2.0255911294952966e-06,3.5843906516674908e-06,1.0,71.54933619499207,3.0637505054473877,dabsn_thesis_20260630_012013_mqar_length_ood
dabsn_field,0,48,64,1024,1000,64,16,16,8,0.006,16507,2.0255911294952966e-06,3.832127276837127e-06,1.0,71.54933619499207,6.248301029205322,dabsn_thesis_20260630_012013_mqar_length_ood
dabsn_field,0,48,64,2000,1000,64,16,16,8,0.006,16507,2.0255911294952966e-06,4.389769901536056e-06,1.0,71.54933619499207,13.554515600204468,dabsn_thesis_20260630_012013_mqar_length_ood
dabsn_field,0,48,64,3200,1000,64,16,16,8,0.006,16507,2.0255911294952966e-06,8.081480427790665e-06,1.0,71.54933619499207,25.158679723739624,dabsn_thesis_20260630_012013_mqar_length_ood
dabsn_field,1,48,64,64,1000,64,16,16,8,0.006,16507,9.180832421407104e-06,0.00011033551709260792,1.0,71.45831894874573,0.639385461807251,dabsn_thesis_20260630_012013_mqar_length_ood
dabsn_field,1,48,64,128,1000,64,16,16,8,0.006,16507,9.180832421407104e-06,0.00015930568479234354,1.0,71.45831894874573,0.9530587196350098,dabsn_thesis_20260630_012013_mqar_length_ood
dabsn_field,1,48,64,256,1000,64,16,16,8,0.006,16507,9.180832421407104e-06,7.11699391104048e-05,1.0,71.45831894874573,1.6284339427947998,dabsn_thesis_20260630_012013_mqar_length_ood
dabsn_field,1,48,64,512,1000,64,16,16,8,0.006,16507,9.180832421407104e-06,6.7034223684459e-05,1.0,71.45831894874573,3.0617876052856445,dabsn_thesis_20260630_012013_mqar_length_ood
dabsn_field,1,48,64,1024,1000,64,16,16,8,0.006,16507,9.180832421407104e-06,5.2660385154013054e-05,1.0,71.45831894874573,6.3002989292144775,dabsn_thesis_20260630_012013_mqar_length_ood
dabsn_field,1,48,64,2000,1000,64,16,16,8,0.006,16507,9.180832421407104e-06,5.280210643832106e-05,1.0,71.45831894874573,13.534531593322754,dabsn_thesis_20260630_012013_mqar_length_ood
dabsn_field,1,48,64,3200,1000,64,16,16,8,0.006,16507,9.180832421407104e-06,6.425881929317256e-05,1.0,71.45831894874573,25.023708820343018,dabsn_thesis_20260630_012013_mqar_length_ood
dabsn_field,2,48,64,64,1000,64,16,16,8,0.006,16507,1.2041784884786466e-06,1.8461989498064212e-06,1.0,71.4281861782074,0.6634869575500488,dabsn_thesis_20260630_012013_mqar_length_ood
dabsn_field,2,48,64,128,1000,64,16,16,8,0.006,16507,1.2041784884786466e-06,1.1062011481044464e-06,1.0,71.4281861782074,0.9592430591583252,dabsn_thesis_20260630_012013_mqar_length_ood
dabsn_field,2,48,64,256,1000,64,16,16,8,0.006,16507,1.2041784884786466e-06,1.801090104436298e-06,1.0,71.4281861782074,1.6269657611846924,dabsn_thesis_20260630_012013_mqar_length_ood
dabsn_field,2,48,64,512,1000,64,16,16,8,0.006,16507,1.2041784884786466e-06,3.0146689482535294e-06,1.0,71.4281861782074,3.056609630584717,dabsn_thesis_20260630_012013_mqar_length_ood
dabsn_field,2,48,64,1024,1000,64,16,16,8,0.006,16507,1.2041784884786466e-06,2.8987469136154687e-06,1.0,71.4281861782074,6.294015407562256,dabsn_thesis_20260630_012013_mqar_length_ood
dabsn_field,2,48,64,2000,1000,64,16,16,8,0.006,16507,1.2041784884786466e-06,2.7173653279533027e-06,1.0,71.4281861782074,13.632980108261108,dabsn_thesis_20260630_012013_mqar_length_ood
dabsn_field,2,48,64,3200,1000,64,16,16,8,0.006,16507,1.2041784884786466e-06,3.347380345530837e-06,1.0,71.4281861782074,24.93214774131775,dabsn_thesis_20260630_012013_mqar_length_ood
dabsn_hybrid,0,48,64,64,1000,64,16,16,8,0.006,16507,9.387376849190332e-06,4.5069219459037414e-05,1.0,72.17056679725647,0.6373677253723145,dabsn_thesis_20260630_012013_mqar_length_ood
dabsn_hybrid,0,48,64,128,1000,64,16,16,8,0.006,16507,9.387376849190332e-06,5.30762199559831e-06,1.0,72.17056679725647,0.9655191898345947,dabsn_thesis_20260630_012013_mqar_length_ood
dabsn_hybrid,0,48,64,256,1000,64,16,16,8,0.006,16507,9.387376849190332e-06,4.400722013997438e-06,1.0,72.17056679725647,1.6966795921325684,dabsn_thesis_20260630_012013_mqar_length_ood
dabsn_hybrid,0,48,64,512,1000,64,16,16,8,0.006,16507,9.387376849190332e-06,3.3526713878018198e-06,1.0,72.17056679725647,3.335556983947754,dabsn_thesis_20260630_012013_mqar_length_ood
dabsn_hybrid,0,48,64,1024,1000,64,16,16,8,0.006,16507,9.387376849190332e-06,3.0991310950412297e-06,1.0,72.17056679725647,7.205990552902222,dabsn_thesis_20260630_012013_mqar_length_ood
dabsn_hybrid,0,48,64,2000,1000,64,16,16,8,0.006,16507,9.387376849190332e-06,2.5504484938210225e-06,1.0,72.17056679725647,16.99777913093567,dabsn_thesis_20260630_012013_mqar_length_ood
dabsn_hybrid,0,48,64,3200,1000,64,16,16,8,0.006,16507,9.387376849190332e-06,2.5558595893926394e-06,1.0,72.17056679725647,34.01211094856262,dabsn_thesis_20260630_012013_mqar_length_ood
dabsn_hybrid,1,48,64,64,1000,64,16,16,8,0.006,16507,2.3028869691188447e-06,2.3047968170430976e-06,1.0,72.1210069656372,0.6350100040435791,dabsn_thesis_20260630_012013_mqar_length_ood
dabsn_hybrid,1,48,64,128,1000,64,16,16,8,0.006,16507,2.3028869691188447e-06,1.2549798441341408e-06,1.0,72.1210069656372,0.9601726531982422,dabsn_thesis_20260630_012013_mqar_length_ood
dabsn_hybrid,1,48,64,256,1000,64,16,16,8,0.006,16507,2.3028869691188447e-06,7.93480285210535e-07,1.0,72.1210069656372,1.6645419597625732,dabsn_thesis_20260630_012013_mqar_length_ood
dabsn_hybrid,1,48,64,512,1000,64,16,16,8,0.006,16507,2.3028869691188447e-06,4.764606529761295e-07,1.0,72.1210069656372,3.3682994842529297,dabsn_thesis_20260630_012013_mqar_length_ood
dabsn_hybrid,1,48,64,1024,1000,64,16,16,8,0.006,16507,2.3028869691188447e-06,3.5678893937074465e-07,1.0,72.1210069656372,7.180025100708008,dabsn_thesis_20260630_012013_mqar_length_ood
dabsn_hybrid,1,48,64,2000,1000,64,16,16,8,0.006,16507,2.3028869691188447e-06,2.673822166343598e-07,1.0,72.1210069656372,16.9835684299469,dabsn_thesis_20260630_012013_mqar_length_ood
dabsn_hybrid,1,48,64,3200,1000,64,16,16,8,0.006,16507,2.3028869691188447e-06,2.418640818291351e-07,1.0,72.1210069656372,33.908313035964966,dabsn_thesis_20260630_012013_mqar_length_ood
dabsn_hybrid,2,48,64,64,1000,64,16,16,8,0.006,16507,2.2896551854501013e-06,2.3748027956571605e-06,1.0,72.5542311668396,0.6263899803161621,dabsn_thesis_20260630_012013_mqar_length_ood
dabsn_hybrid,2,48,64,128,1000,64,16,16,8,0.006,16507,2.2896551854501013e-06,1.6101217397590517e-06,1.0,72.5542311668396,0.953798770904541,dabsn_thesis_20260630_012013_mqar_length_ood
dabsn_hybrid,2,48,64,256,1000,64,16,16,8,0.006,16507,2.2896551854501013e-06,3.1884968507256415e-06,1.0,72.5542311668396,1.6667726039886475,dabsn_thesis_20260630_012013_mqar_length_ood
dabsn_hybrid,2,48,64,512,1000,64,16,16,8,0.006,16507,2.2896551854501013e-06,3.2027114798438562e-06,1.0,72.5542311668396,3.295880079269409,dabsn_thesis_20260630_012013_mqar_length_ood
dabsn_hybrid,2,48,64,1024,1000,64,16,16,8,0.006,16507,2.2896551854501013e-06,3.3885902439578786e-06,1.0,72.5542311668396,7.216368675231934,dabsn_thesis_20260630_012013_mqar_length_ood
dabsn_hybrid,2,48,64,2000,1000,64,16,16,8,0.006,16507,2.2896551854501013e-06,4.748238029606e-06,1.0,72.5542311668396,16.88128161430359,dabsn_thesis_20260630_012013_mqar_length_ood
dabsn_hybrid,2,48,64,3200,1000,64,16,16,8,0.006,16507,2.2896551854501013e-06,4.110854558803112e-06,1.0,72.5542311668396,33.814210653305054,dabsn_thesis_20260630_012013_mqar_length_ood
gru,0,48,64,64,1000,64,16,16,8,0.001,13024,2.368591070175171,2.38332200050354,0.2072265625,62.549182176589966,0.5959808826446533,dabsn_thesis_20260630_012013_mqar_length_ood
gru,0,48,64,128,1000,64,16,16,8,0.001,13024,2.368591070175171,2.418537950515747,0.1939453125,62.549182176589966,0.902259111404419,dabsn_thesis_20260630_012013_mqar_length_ood
gru,0,48,64,256,1000,64,16,16,8,0.001,13024,2.368591070175171,2.5650919914245605,0.1728515625,62.549182176589966,1.537083387374878,dabsn_thesis_20260630_012013_mqar_length_ood
gru,0,48,64,512,1000,64,16,16,8,0.001,13024,2.368591070175171,2.9276155710220335,0.109765625,62.549182176589966,2.7679529190063477,dabsn_thesis_20260630_012013_mqar_length_ood
gru,0,48,64,1024,1000,64,16,16,8,0.001,13024,2.368591070175171,3.256588172912598,0.0853515625,62.549182176589966,5.223149299621582,dabsn_thesis_20260630_012013_mqar_length_ood
gru,0,48,64,2000,1000,64,16,16,8,0.001,13024,2.368591070175171,3.5437161445617678,0.0623046875,62.549182176589966,10.065810441970825,dabsn_thesis_20260630_012013_mqar_length_ood
gru,0,48,64,3200,1000,64,16,16,8,0.001,13024,2.368591070175171,3.6359777450561523,0.060546875,62.549182176589966,15.682013511657715,dabsn_thesis_20260630_012013_mqar_length_ood
gru,1,48,64,64,1000,64,16,16,8,0.001,13024,2.3466622829437256,2.35337290763855,0.2107421875,62.63597655296326,0.6179196834564209,dabsn_thesis_20260630_012013_mqar_length_ood
gru,1,48,64,128,1000,64,16,16,8,0.001,13024,2.3466622829437256,2.375063490867615,0.2013671875,62.63597655296326,0.916163444519043,dabsn_thesis_20260630_012013_mqar_length_ood
gru,1,48,64,256,1000,64,16,16,8,0.001,13024,2.3466622829437256,2.4973172187805175,0.1728515625,62.63597655296326,1.5288009643554688,dabsn_thesis_20260630_012013_mqar_length_ood
gru,1,48,64,512,1000,64,16,16,8,0.001,13024,2.3466622829437256,2.6895027637481688,0.12421875,62.63597655296326,2.7743263244628906,dabsn_thesis_20260630_012013_mqar_length_ood
gru,1,48,64,1024,1000,64,16,16,8,0.001,13024,2.3466622829437256,2.9294389486312866,0.0876953125,62.63597655296326,5.223872423171997,dabsn_thesis_20260630_012013_mqar_length_ood
gru,1,48,64,2000,1000,64,16,16,8,0.001,13024,2.3466622829437256,3.1836497306823732,0.07421875,62.63597655296326,9.986895322799683,dabsn_thesis_20260630_012013_mqar_length_ood
gru,1,48,64,3200,1000,64,16,16,8,0.001,13024,2.3466622829437256,3.2713257551193236,0.064453125,62.63597655296326,15.843411684036255,dabsn_thesis_20260630_012013_mqar_length_ood
gru,2,48,64,64,1000,64,16,16,8,0.001,13024,2.314842462539673,2.302442479133606,0.22578125,62.28738832473755,0.5985062122344971,dabsn_thesis_20260630_012013_mqar_length_ood
gru,2,48,64,128,1000,64,16,16,8,0.001,13024,2.314842462539673,2.3394107580184937,0.216796875,62.28738832473755,0.9033331871032715,dabsn_thesis_20260630_012013_mqar_length_ood
gru,2,48,64,256,1000,64,16,16,8,0.001,13024,2.314842462539673,2.493051362037659,0.1794921875,62.28738832473755,1.5179355144500732,dabsn_thesis_20260630_012013_mqar_length_ood
gru,2,48,64,512,1000,64,16,16,8,0.001,13024,2.314842462539673,2.8196484565734865,0.12109375,62.28738832473755,2.7811830043792725,dabsn_thesis_20260630_012013_mqar_length_ood
gru,2,48,64,1024,1000,64,16,16,8,0.001,13024,2.314842462539673,3.0923977851867677,0.0802734375,62.28738832473755,5.2588605880737305,dabsn_thesis_20260630_012013_mqar_length_ood
gru,2,48,64,2000,1000,64,16,16,8,0.001,13024,2.314842462539673,3.22232186794281,0.069140625,62.28738832473755,10.025821924209595,dabsn_thesis_20260630_012013_mqar_length_ood
gru,2,48,64,3200,1000,64,16,16,8,0.001,13024,2.314842462539673,3.2887574434280396,0.0658203125,62.28738832473755,15.72999882698059,dabsn_thesis_20260630_012013_mqar_length_ood
lstm,0,48,64,64,1000,64,16,16,8,0.001,17104,2.6379964351654053,2.6023988723754883,0.1423828125,62.86994910240173,0.6197381019592285,dabsn_thesis_20260630_012013_mqar_length_ood
lstm,0,48,64,128,1000,64,16,16,8,0.001,17104,2.6379964351654053,2.645169401168823,0.121875,62.86994910240173,0.9253027439117432,dabsn_thesis_20260630_012013_mqar_length_ood
lstm,0,48,64,256,1000,64,16,16,8,0.001,17104,2.6379964351654053,2.7379446029663086,0.106640625,62.86994910240173,1.536168098449707,dabsn_thesis_20260630_012013_mqar_length_ood
lstm,0,48,64,512,1000,64,16,16,8,0.001,17104,2.6379964351654053,2.882748556137085,0.0943359375,62.86994910240173,2.7777814865112305,dabsn_thesis_20260630_012013_mqar_length_ood
lstm,0,48,64,1024,1000,64,16,16,8,0.001,17104,2.6379964351654053,3.0606489419937133,0.073046875,62.86994910240173,5.2521889209747314,dabsn_thesis_20260630_012013_mqar_length_ood
lstm,0,48,64,2000,1000,64,16,16,8,0.001,17104,2.6379964351654053,3.175463891029358,0.0638671875,62.86994910240173,10.08310055732727,dabsn_thesis_20260630_012013_mqar_length_ood
lstm,0,48,64,3200,1000,64,16,16,8,0.001,17104,2.6379964351654053,3.2196218729019166,0.0666015625,62.86994910240173,15.735957145690918,dabsn_thesis_20260630_012013_mqar_length_ood
lstm,1,48,64,64,1000,64,16,16,8,0.001,17104,2.602755546569824,2.592922019958496,0.144921875,62.60086369514465,0.6115169525146484,dabsn_thesis_20260630_012013_mqar_length_ood
lstm,1,48,64,128,1000,64,16,16,8,0.001,17104,2.602755546569824,2.623719310760498,0.12578125,62.60086369514465,0.9188084602355957,dabsn_thesis_20260630_012013_mqar_length_ood
lstm,1,48,64,256,1000,64,16,16,8,0.001,17104,2.602755546569824,2.719322085380554,0.0935546875,62.60086369514465,1.5268754959106445,dabsn_thesis_20260630_012013_mqar_length_ood
lstm,1,48,64,512,1000,64,16,16,8,0.001,17104,2.602755546569824,2.8402472019195555,0.0873046875,62.60086369514465,2.7730112075805664,dabsn_thesis_20260630_012013_mqar_length_ood
lstm,1,48,64,1024,1000,64,16,16,8,0.001,17104,2.602755546569824,2.9366390705108643,0.0736328125,62.60086369514465,5.246467351913452,dabsn_thesis_20260630_012013_mqar_length_ood
lstm,1,48,64,2000,1000,64,16,16,8,0.001,17104,2.602755546569824,2.958935356140137,0.0671875,62.60086369514465,10.13250732421875,dabsn_thesis_20260630_012013_mqar_length_ood
lstm,1,48,64,3200,1000,64,16,16,8,0.001,17104,2.602755546569824,2.9512549877166747,0.0658203125,62.60086369514465,15.781154870986938,dabsn_thesis_20260630_012013_mqar_length_ood
lstm,2,48,64,64,1000,64,16,16,8,0.001,17104,2.600801467895508,2.5738766193389893,0.1453125,62.44341015815735,0.5908973217010498,dabsn_thesis_20260630_012013_mqar_length_ood
lstm,2,48,64,128,1000,64,16,16,8,0.001,17104,2.600801467895508,2.5898890018463137,0.146484375,62.44341015815735,0.9018154144287109,dabsn_thesis_20260630_012013_mqar_length_ood
lstm,2,48,64,256,1000,64,16,16,8,0.001,17104,2.600801467895508,2.6555139064788817,0.12265625,62.44341015815735,1.5121874809265137,dabsn_thesis_20260630_012013_mqar_length_ood
lstm,2,48,64,512,1000,64,16,16,8,0.001,17104,2.600801467895508,2.7172178506851195,0.108203125,62.44341015815735,2.7606165409088135,dabsn_thesis_20260630_012013_mqar_length_ood
lstm,2,48,64,1024,1000,64,16,16,8,0.001,17104,2.600801467895508,2.758120584487915,0.0818359375,62.44341015815735,5.229995489120483,dabsn_thesis_20260630_012013_mqar_length_ood
lstm,2,48,64,2000,1000,64,16,16,8,0.001,17104,2.600801467895508,2.7764997720718383,0.06796875,62.44341015815735,9.983838319778442,dabsn_thesis_20260630_012013_mqar_length_ood
lstm,2,48,64,3200,1000,64,16,16,8,0.001,17104,2.600801467895508,2.777859354019165,0.0640625,62.44341015815735,15.73232102394104,dabsn_thesis_20260630_012013_mqar_length_ood
transformer,0,48,64,64,1000,64,16,16,8,0.001,30784,0.00018165285291615874,0.0001499789628724102,1.0,64.05531644821167,0.6229877471923828,dabsn_thesis_20260630_012013_mqar_length_ood
transformer,0,48,64,128,1000,64,16,16,8,0.001,30784,0.00018165285291615874,3.822229242324829,0.3888671875,64.05531644821167,0.9172122478485107,dabsn_thesis_20260630_012013_mqar_length_ood
transformer,0,48,64,256,1000,64,16,16,8,0.001,30784,0.00018165285291615874,7.497047567367554,0.0951171875,64.05531644821167,1.5479686260223389,dabsn_thesis_20260630_012013_mqar_length_ood
transformer,0,48,64,512,1000,64,16,16,8,0.001,30784,0.00018165285291615874,7.6151642322540285,0.073828125,64.05531644821167,2.811720132827759,dabsn_thesis_20260630_012013_mqar_length_ood
transformer,0,48,64,1024,1000,64,16,16,8,0.001,30784,0.00018165285291615874,8.457297801971436,0.064453125,64.05531644821167,5.2722272872924805,dabsn_thesis_20260630_012013_mqar_length_ood
transformer,0,48,64,2000,1000,64,16,16,8,0.001,30784,0.00018165285291615874,7.653655910491944,0.0634765625,64.05531644821167,10.17006778717041,dabsn_thesis_20260630_012013_mqar_length_ood
transformer,0,48,64,3200,1000,64,16,16,8,0.001,30784,0.00018165285291615874,6.363110303878784,0.06796875,64.05531644821167,16.050246238708496,dabsn_thesis_20260630_012013_mqar_length_ood
transformer,1,48,64,64,1000,64,16,16,8,0.001,30784,0.00012704753316938877,0.00017609877832001076,1.0,64.04034185409546,0.612476110458374,dabsn_thesis_20260630_012013_mqar_length_ood
transformer,1,48,64,128,1000,64,16,16,8,0.001,30784,0.00012704753316938877,6.74471378326416,0.261328125,64.04034185409546,0.9139735698699951,dabsn_thesis_20260630_012013_mqar_length_ood
transformer,1,48,64,256,1000,64,16,16,8,0.001,30784,0.00012704753316938877,9.95183506011963,0.0638671875,64.04034185409546,1.5422828197479248,dabsn_thesis_20260630_012013_mqar_length_ood
transformer,1,48,64,512,1000,64,16,16,8,0.001,30784,0.00012704753316938877,7.002797269821167,0.068359375,64.04034185409546,2.7807459831237793,dabsn_thesis_20260630_012013_mqar_length_ood
transformer,1,48,64,1024,1000,64,16,16,8,0.001,30784,0.00012704753316938877,8.85374412536621,0.0634765625,64.04034185409546,5.287743330001831,dabsn_thesis_20260630_012013_mqar_length_ood
transformer,1,48,64,2000,1000,64,16,16,8,0.001,30784,0.00012704753316938877,7.619031858444214,0.0671875,64.04034185409546,10.147457838058472,dabsn_thesis_20260630_012013_mqar_length_ood
transformer,1,48,64,3200,1000,64,16,16,8,0.001,30784,0.00012704753316938877,5.945746755599975,0.058984375,64.04034185409546,16.228219270706177,dabsn_thesis_20260630_012013_mqar_length_ood
transformer,2,48,64,64,1000,64,16,16,8,0.001,30784,0.0002076494856737554,0.0002574231184553355,1.0,63.8090922832489,0.6004652976989746,dabsn_thesis_20260630_012013_mqar_length_ood
transformer,2,48,64,128,1000,64,16,16,8,0.001,30784,0.0002076494856737554,5.109169816970825,0.3548828125,63.8090922832489,0.9100186824798584,dabsn_thesis_20260630_012013_mqar_length_ood
transformer,2,48,64,256,1000,64,16,16,8,0.001,30784,0.0002076494856737554,5.867973279953003,0.1177734375,63.8090922832489,1.5290992259979248,dabsn_thesis_20260630_012013_mqar_length_ood
transformer,2,48,64,512,1000,64,16,16,8,0.001,30784,0.0002076494856737554,6.599241542816162,0.0951171875,63.8090922832489,2.7698512077331543,dabsn_thesis_20260630_012013_mqar_length_ood
transformer,2,48,64,1024,1000,64,16,16,8,0.001,30784,0.0002076494856737554,6.152048063278198,0.0705078125,63.8090922832489,5.2583842277526855,dabsn_thesis_20260630_012013_mqar_length_ood
transformer,2,48,64,2000,1000,64,16,16,8,0.001,30784,0.0002076494856737554,6.64795069694519,0.0703125,63.8090922832489,10.105754137039185,dabsn_thesis_20260630_012013_mqar_length_ood
transformer,2,48,64,3200,1000,64,16,16,8,0.001,30784,0.0002076494856737554,6.572806072235108,0.0623046875,63.8090922832489,16.26950693130493,dabsn_thesis_20260630_012013_mqar_length_ood
transformer_rope,0,48,64,64,1000,64,16,16,8,0.001,30784,3.2100761018227786e-05,4.604204004863277e-05,1.0,64.34145760536194,0.603987455368042,dabsn_thesis_20260630_012013_mqar_length_ood
transformer_rope,0,48,64,128,1000,64,16,16,8,0.001,30784,3.2100761018227786e-05,0.15933533608913422,0.9626953125,64.34145760536194,0.9076383113861084,dabsn_thesis_20260630_012013_mqar_length_ood
transformer_rope,0,48,64,256,1000,64,16,16,8,0.001,30784,3.2100761018227786e-05,1.3079420924186707,0.77578125,64.34145760536194,1.532076358795166,dabsn_thesis_20260630_012013_mqar_length_ood
transformer_rope,0,48,64,512,1000,64,16,16,8,0.001,30784,3.2100761018227786e-05,5.653835105895996,0.320703125,64.34145760536194,2.830179452896118,dabsn_thesis_20260630_012013_mqar_length_ood
transformer_rope,0,48,64,1024,1000,64,16,16,8,0.001,30784,3.2100761018227786e-05,7.111414289474487,0.189453125,64.34145760536194,5.293806552886963,dabsn_thesis_20260630_012013_mqar_length_ood
transformer_rope,0,48,64,2000,1000,64,16,16,8,0.001,30784,3.2100761018227786e-05,8.399957132339477,0.1158203125,64.34145760536194,10.18818187713623,dabsn_thesis_20260630_012013_mqar_length_ood
transformer_rope,0,48,64,3200,1000,64,16,16,8,0.001,30784,3.2100761018227786e-05,8.924872779846192,0.091796875,64.34145760536194,16.246562480926514,dabsn_thesis_20260630_012013_mqar_length_ood
transformer_rope,1,48,64,64,1000,64,16,16,8,0.001,30784,4.581773828249425e-05,5.6118358043022456e-05,1.0,64.42595481872559,0.5985686779022217,dabsn_thesis_20260630_012013_mqar_length_ood
transformer_rope,1,48,64,128,1000,64,16,16,8,0.001,30784,4.581773828249425e-05,0.17631041035056114,0.9580078125,64.42595481872559,0.9072401523590088,dabsn_thesis_20260630_012013_mqar_length_ood
transformer_rope,1,48,64,256,1000,64,16,16,8,0.001,30784,4.581773828249425e-05,1.013296502828598,0.8228515625,64.42595481872559,1.5269522666931152,dabsn_thesis_20260630_012013_mqar_length_ood
transformer_rope,1,48,64,512,1000,64,16,16,8,0.001,30784,4.581773828249425e-05,3.8494210243225098,0.46484375,64.42595481872559,2.785654067993164,dabsn_thesis_20260630_012013_mqar_length_ood
transformer_rope,1,48,64,1024,1000,64,16,16,8,0.001,30784,4.581773828249425e-05,6.284364128112793,0.234765625,64.42595481872559,5.325571298599243,dabsn_thesis_20260630_012013_mqar_length_ood
transformer_rope,1,48,64,2000,1000,64,16,16,8,0.001,30784,4.581773828249425e-05,8.947475814819336,0.0822265625,64.42595481872559,10.153524160385132,dabsn_thesis_20260630_012013_mqar_length_ood
transformer_rope,1,48,64,3200,1000,64,16,16,8,0.001,30784,4.581773828249425e-05,9.479914283752441,0.0625,64.42595481872559,16.280434608459473,dabsn_thesis_20260630_012013_mqar_length_ood
transformer_rope,2,48,64,64,1000,64,16,16,8,0.001,30784,3.94401176890824e-05,3.415321134525584e-05,1.0,64.66343760490417,0.6029300689697266,dabsn_thesis_20260630_012013_mqar_length_ood
transformer_rope,2,48,64,128,1000,64,16,16,8,0.001,30784,3.94401176890824e-05,0.11669848784804344,0.97421875,64.66343760490417,0.920222282409668,dabsn_thesis_20260630_012013_mqar_length_ood
transformer_rope,2,48,64,256,1000,64,16,16,8,0.001,30784,3.94401176890824e-05,1.6223894476890564,0.751171875,64.66343760490417,1.5357005596160889,dabsn_thesis_20260630_012013_mqar_length_ood
transformer_rope,2,48,64,512,1000,64,16,16,8,0.001,30784,3.94401176890824e-05,4.880933237075806,0.3736328125,64.66343760490417,2.8905537128448486,dabsn_thesis_20260630_012013_mqar_length_ood
transformer_rope,2,48,64,1024,1000,64,16,16,8,0.001,30784,3.94401176890824e-05,5.739753866195679,0.2400390625,64.66343760490417,5.372447729110718,dabsn_thesis_20260630_012013_mqar_length_ood
transformer_rope,2,48,64,2000,1000,64,16,16,8,0.001,30784,3.94401176890824e-05,6.988451957702637,0.1013671875,64.66343760490417,10.216516971588135,dabsn_thesis_20260630_012013_mqar_length_ood
transformer_rope,2,48,64,3200,1000,64,16,16,8,0.001,30784,3.94401176890824e-05,7.262728452682495,0.0736328125,64.66343760490417,16.50487971305847,dabsn_thesis_20260630_012013_mqar_length_ood
